property_type,price_range,room_type,number_of_reviews,smart_location,zipcode,host_identity_verified,host_is_superhost,neighbourhood
8,3,1,0,14,20003,0,1,17
8,4,1,65,14,20003,1,1,17
8,1,2,1,10,20782,0,1,23
11,1,1,0,2,20910,0,1,86
6,2,1,0,14,20012,0,1,91
1,2,1,0,12,20712,1,1,69
8,1,2,1,5,20743,1,1,16
1,2,1,1,1,20910,0,1,86
6,1,2,0,1,20910,1,1,86
1,2,1,0,1,20910,1,1,86
8,2,2,1,11,20712,0,1,69
6,1,2,1,10,20782,1,1,23
1,3,3,0,1,20910,1,1,86
1,2,1,0,11,20712,1,1,69
8,2,1,0,13,20912,1,1,92
1,2,1,46,14,20008,0,0,101
1,2,1,84,14,20005,0,0,61
1,3,1,25,14,20005,1,1,61
8,3,1,4,14,20001,0,1,83
1,2,2,2,14,20001,0,1,68
1,2,2,83,14,20001,0,1,83
1,2,1,19,14,20001,0,1,83
8,3,2,94,14,20001,0,1,83
8,2,2,47,14,20001,0,1,83
8,2,2,150,14,20001,1,0,83
9,4,1,15,14,20001,0,0,83
1,2,1,0,14,20005,1,1,31
11,2,2,69,14,20001,1,1,83
1,2,1,1,14,20001,0,1,83
8,5,1,5,14,20009,0,1,61
1,5,1,33,14,20005,0,1,61
1,2,1,11,14,20001,0,1,83
1,2,3,5,14,20001,0,1,83
1,2,1,29,14,20001,0,1,31
1,2,1,32,14,20001,0,1,68
1,2,1,1,14,20001,0,1,61
1,3,1,15,14,20009,0,1,61
8,2,2,0,14,20032,0,1,89
1,5,1,0,14,20032,0,1,6
8,1,2,0,14,20032,0,1,89
8,3,1,5,14,20032,0,1,6
11,2,1,1,14,20032,0,1,6
11,1,2,0,14,20032,0,1,97
8,2,2,0,14,20032,0,1,27
8,1,2,9,14,20032,1,1,85
8,1,2,0,14,20032,0,1,89
11,2,2,0,14,20032,0,1,6
1,3,1,1,14,20032,1,1,97
8,2,2,4,14,20020,0,1,30
8,2,2,2,14,20020,0,1,30
11,2,2,18,14,20020,0,1,30
8,2,2,8,14,20020,1,1,47
8,1,2,1,14,20020,0,1,100
1,2,2,0,14,20020,1,1,100
8,2,2,19,14,20020,1,1,47
1,3,1,3,14,20003,1,1,71
1,2,1,6,14,20003,0,1,71
8,2,2,6,14,20003,0,1,71
1,2,1,6,14,20003,0,1,71
1,2,1,0,14,20003,1,1,71
1,3,1,1,14,20003,1,1,71
1,3,1,59,14,20003,0,1,17
1,2,2,1,14,20003,0,1,71
1,2,1,0,14,20003,1,1,71
1,3,1,0,14,20003,0,1,71
1,2,1,1,14,20003,1,1,71
1,2,2,2,14,20003,0,1,71
1,2,1,0,14,20003,0,1,71
8,2,2,145,14,20003,0,1,17
1,5,1,0,14,20003,0,1,71
1,2,2,8,14,20003,0,0,71
8,3,1,29,14,20019,0,1,7
8,2,2,0,14,20019,1,1,42
8,1,2,23,14,20019,1,1,7
8,2,1,0,14,20019,1,1,41
8,2,2,4,14,20019,1,1,82
8,2,1,58,14,20019,0,1,42
8,1,2,4,14,20019,1,1,82
1,4,1,34,14,20005,0,1,31
1,4,1,8,14,20005,0,1,31
1,3,1,48,14,20001,0,0,68
1,2,1,32,14,20005,0,1,61
1,4,1,6,14,20268,0,1,31
1,4,1,7,14,20001,0,1,54
1,2,1,5,14,20001,1,1,54
1,2,2,1,14,20005,0,1,31
1,3,1,1,14,20001,0,1,68
1,2,3,1,14,20001,0,1,17
1,4,1,1,14,20001,0,1,31
1,2,1,0,14,20001,1,1,54
1,2,2,0,14,20001,1,1,68
1,1,3,6,14,20001,1,1,72
1,6,1,0,14,20001,0,1,54
1,2,2,0,14,20001,0,1,54
1,4,1,3,14,20001,0,1,31
1,2,1,35,14,20001,1,1,54
1,2,3,1,14,20001,0,1,68
1,3,1,31,14,20004,0,1,31
1,3,1,0,14,20001,0,1,68
8,2,2,11,14,20001,0,1,68
1,3,1,0,14,20001,0,1,54
1,3,1,13,14,20001,0,1,68
1,3,1,14,14,20001,0,1,31
1,3,1,34,14,20005,0,1,31
6,5,1,0,14,20001,1,1,54
1,3,1,0,14,20005,0,1,61
8,2,2,33,14,20001,0,1,68
1,3,1,0,14,20001,1,1,72
6,2,1,0,14,20005,0,1,61
1,3,1,1,14,20001,0,1,68
1,2,2,2,14,20001,0,1,68
1,3,1,103,14,20001,1,1,54
8,4,1,5,14,20001,0,1,68
1,2,2,0,15,20001,0,1,31
1,3,1,1,14,20001,1,1,68
1,4,1,6,14,20005,0,1,31
1,6,1,0,14,20001,0,1,54
1,2,1,3,14,20001,0,1,68
1,2,2,1,14,20001,0,0,68
1,2,1,4,14,20005,0,1,61
1,2,1,70,14,20001,0,1,68
1,2,1,0,14,20005,0,1,61
1,2,2,2,14,20001,0,1,54
9,2,2,51,14,20001,0,1,68
1,4,1,28,14,20001,0,0,68
1,3,1,1,14,20001,0,1,68
1,2,1,3,14,20001,0,1,17
1,2,1,24,14,20001,0,1,31
1,3,1,23,14,20001,0,0,54
1,2,2,338,14,20001,0,0,31
1,2,1,4,14,20005,0,1,61
1,2,1,3,14,20001,0,1,68
1,2,2,12,14,20001,0,1,68
1,2,1,47,14,20001,1,1,68
1,6,1,0,14,20001,0,1,54
1,3,1,6,14,20001,1,1,54
1,2,3,1,14,20037,1,1,99
1,3,1,29,14,20001,0,1,68
1,2,2,2,14,20001,0,1,54
1,6,1,0,14,20005,0,1,61
8,2,2,245,14,20005,0,1,31
1,2,1,1,14,20001,0,1,68
1,2,1,3,14,20001,0,1,68
6,2,1,0,14,20005,0,1,61
8,2,2,34,14,20005,1,1,31
1,2,1,25,14,20001,0,1,54
1,4,1,45,14,20001,0,1,31
1,3,1,57,14,20001,1,1,68
1,4,1,21,14,20001,0,1,31
1,2,1,0,14,20001,1,1,17
1,2,1,1,14,20001,1,1,68
1,3,1,139,14,20009,0,1,68
1,2,1,7,14,20001,1,1,54
1,3,1,0,14,20001,0,1,68
1,3,1,17,14,20001,1,1,68
1,3,1,136,14,20005,0,1,61
1,2,2,2,14,20001,0,1,72
1,2,3,0,14,20001,0,1,54
1,4,1,32,14,20001,0,1,68
1,2,1,3,14,20001,0,1,68
1,6,1,0,14,20001,0,1,54
1,4,1,1,14,20001,0,1,68
1,2,1,5,14,20001,0,1,68
1,3,1,87,14,20001,1,1,54
1,2,2,2,14,20001,1,1,31
1,2,2,2,14,20001,0,1,68
1,5,1,16,14,20001,0,1,68
1,3,1,0,14,20001,0,1,31
1,3,1,1,14,20004,0,1,31
1,2,1,27,14,20001,0,1,31
1,4,1,20,14,20004,1,1,31
1,5,1,0,14,20001,0,1,31
8,5,1,26,14,20005,0,1,61
1,4,1,43,14,20001,0,1,68
1,3,1,163,14,20001,1,1,68
1,4,1,23,14,20005,0,1,31
1,2,2,0,14,20001,1,1,68
1,2,2,0,14,20001,0,1,54
1,4,1,5,14,20005,0,1,31
1,2,1,73,14,20037,0,1,99
1,4,1,3,14,20001,0,1,54
1,3,1,8,14,20001,0,1,61
1,2,1,1,14,20001,1,1,68
1,3,1,0,14,20001,0,1,54
1,2,1,4,15,20001,1,1,72
6,2,2,0,14,20001,1,1,54
1,3,1,6,14,20001,0,1,54
1,4,1,2,14,20001,0,1,31
1,4,1,2,14,20001,1,1,61
1,4,1,1,14,20001,0,1,68
1,3,1,15,14,20001,0,1,68
1,3,1,0,14,20001,0,1,54
1,2,1,1,14,20001,1,1,54
6,3,1,0,14,20001,1,1,54
1,2,2,3,14,20001,1,1,54
1,3,1,18,14,20001,0,0,54
1,2,1,1,14,20005,0,1,31
1,2,1,18,14,20001,0,0,61
1,2,1,1,14,20002,1,1,72
1,3,1,2,14,20001,1,1,83
6,2,1,1,14,20001,0,1,68
1,3,1,1,14,20005,0,1,31
1,6,1,0,14,20001,0,1,54
1,4,1,3,14,20001,0,1,31
1,4,1,47,14,20001,1,1,68
1,3,1,28,14,20001,1,1,54
1,4,1,2,14,20001,0,1,31
1,3,2,18,14,20001,0,0,54
1,2,1,0,14,20004,0,1,31
1,3,1,3,14,20001,0,1,68
1,3,1,1,14,20001,0,1,68
1,2,2,5,14,20001,0,1,72
1,2,1,0,14,20001,0,1,17
8,2,2,8,14,20005,1,1,31
1,4,1,50,14,20001,0,1,68
1,5,1,0,14,20001,0,0,54
1,2,2,0,14,20001,1,1,83
1,2,1,54,14,20001,0,0,68
1,3,1,35,14,20001,0,0,68
1,2,1,53,14,20001,0,1,31
1,2,1,4,14,20001,0,1,68
1,3,1,1,14,20001,0,1,68
1,2,1,4,14,20001,0,1,68
1,3,1,0,14,20001,0,1,68
8,2,2,44,14,20001,1,1,94
11,3,1,2,14,20037,0,0,32
1,4,1,5,14,20005,0,1,31
1,2,1,1,14,20005,1,1,31
9,3,1,12,14,20001,1,1,68
1,2,1,3,14,20001,1,1,31
1,6,1,0,14,20001,0,1,54
1,6,1,0,14,20001,0,1,54
1,2,2,9,14,20001,0,1,68
1,4,1,4,14,20001,0,1,31
1,2,2,12,14,20001,0,0,68
8,4,1,14,14,20001,0,1,68
1,2,1,3,14,20005,0,1,31
1,4,1,1,14,20037,0,1,99
1,2,1,0,14,20037,0,1,39
1,2,1,12,14,20037,0,1,99
1,3,1,47,14,20037,0,1,32
1,4,1,0,14,20037,0,1,39
1,4,1,0,14,20052,0,1,39
11,3,1,9,14,20037,0,0,32
1,2,1,2,14,20037,1,1,99
1,4,1,0,14,20037,0,1,39
8,4,1,19,14,20037,0,1,32
1,2,2,8,14,20037,0,1,39
1,2,1,1,14,20006,0,1,39
1,2,2,7,14,20037,0,1,99
1,2,1,19,14,20037,0,1,99
1,2,2,22,14,20037,1,1,39
6,3,1,3,14,20037,0,1,99
1,3,1,1,14,20037,0,1,39
1,2,1,8,14,20006,0,1,39
1,2,1,2,14,20036,1,1,32
1,2,1,2,14,20037,1,1,99
1,4,1,3,14,20037,0,1,39
1,6,1,0,14,20037,0,1,99
1,2,1,1,14,20037,0,1,99
1,3,1,35,14,20037,0,1,39
1,2,1,25,14,20037,0,1,32
1,2,1,2,14,20007,1,1,48
1,2,1,5,14,20007,1,1,48
1,4,1,2,14,20052,0,1,39
1,3,1,30,14,20052,1,1,39
1,2,1,12,14,20037,1,1,39
1,2,2,14,14,20006,0,1,39
1,2,1,7,14,20037,0,0,39
1,4,1,5,14,20037,0,1,39
1,3,1,1,14,20037,0,1,39
1,6,1,0,14,20037,0,1,99
1,2,1,0,14,20037,0,1,99
1,6,1,0,14,20037,0,1,39
1,2,1,2,14,20052,0,1,39
1,4,1,8,14,20037,0,1,99
1,4,1,3,14,20037,0,1,39
1,4,1,10,14,20037,0,1,39
1,2,1,0,14,20037,0,1,99
1,3,1,22,14,20037,1,1,39
1,4,1,2,14,20037,0,1,99
1,2,1,1,14,20037,1,1,32
1,4,1,2,14,20037,0,1,99
1,3,1,0,14,20037,0,1,99
1,4,1,10,14,20037,0,1,39
1,3,1,6,14,20037,0,1,99
1,3,1,3,14,20037,0,1,99
1,3,1,0,14,20037,0,1,99
1,4,1,0,14,20037,0,1,99
1,2,1,6,14,20006,0,1,39
1,4,1,2,14,20037,0,1,39
1,3,1,0,14,20037,0,1,39
8,3,1,2,14,20037,0,1,39
1,3,1,9,14,20037,0,1,99
1,6,1,0,14,20037,0,1,99
1,6,1,0,14,20037,0,1,99
1,2,2,1,14,20037,0,1,99
1,1,3,30,14,20037,1,1,39
9,2,1,0,14,20037,1,1,39
1,2,2,10,14,20037,0,1,39
1,3,1,1,14,20037,0,1,99
8,2,2,0,14,20037,1,1,39
1,3,1,0,14,20037,0,1,99
1,3,1,2,14,20037,0,1,99
8,2,2,28,14,20037,1,1,39
1,3,1,6,14,20037,0,1,39
1,2,1,0,14,20037,0,1,99
1,2,1,24,14,20037,0,1,39
1,2,1,63,14,20037,0,0,99
1,3,1,6,14,20037,0,1,99
1,2,1,0,14,20037,0,1,39
1,6,3,0,14,20037,0,1,99
1,3,1,19,14,20037,1,1,39
1,2,1,4,14,20006,0,1,39
1,2,1,1,14,20037,0,1,39
1,3,1,10,14,20036,0,1,32
9,2,2,0,14,20037,0,1,32
1,3,1,1,14,20037,0,1,99
1,2,1,3,14,20037,0,1,39
1,2,1,6,14,20006,0,1,39
1,2,1,6,14,20037,0,1,99
1,2,1,21,14,20006,0,0,39
1,2,2,0,14,20006,0,1,39
1,3,1,0,14,20037,0,1,39
1,4,1,0,14,20037,0,1,32
1,2,1,6,14,20037,0,1,39
1,3,1,0,14,20037,0,1,39
8,4,1,8,14,20037,0,1,39
1,2,1,6,14,20037,0,1,39
1,2,1,10,14,20006,0,1,39
6,2,1,6,14,20037,0,1,39
1,2,1,5,14,20006,0,1,39
8,4,1,18,14,20037,0,1,39
1,2,1,12,14,20037,0,0,99
11,3,1,3,14,20037,0,1,99
1,2,3,0,14,20037,1,1,39
1,2,1,25,14,20006,0,1,39
1,2,1,1,14,20037,0,1,39
1,2,2,9,14,20037,0,1,99
1,2,2,0,14,20037,0,1,39
1,2,2,2,14,20037,0,1,99
1,2,1,21,14,20037,0,1,31
1,3,1,0,14,20006,1,1,39
1,3,2,4,14,20037,0,1,99
1,4,1,5,14,20037,0,1,39
1,2,1,52,14,20037,0,1,99
1,2,1,0,14,20037,0,1,39
6,2,1,0,14,20006,0,1,39
1,4,1,0,14,20037,0,1,99
1,2,3,10,14,20037,1,1,39
1,3,1,11,14,20037,0,1,32
1,2,1,3,14,20036,1,1,32
1,2,1,2,14,20037,1,1,99
1,1,3,2,14,20037,0,1,39
1,2,1,0,14,20037,1,1,39
1,3,1,0,14,20037,0,1,99
1,2,1,0,14,20037,0,1,99
1,3,1,13,14,20037,0,1,39
1,2,2,1,14,20006,0,1,39
1,2,1,63,14,20037,0,0,39
1,2,2,0,14,20006,0,1,39
1,3,1,33,14,20037,0,1,32
1,3,1,2,14,20037,0,1,99
1,1,1,3,14,20019,1,1,21
1,2,1,14,14,20019,0,0,21
8,4,1,0,14,20019,1,1,21
1,2,2,2,14,20019,1,1,21
1,2,1,77,14,20019,1,1,21
8,1,2,1,14,20019,1,1,29
8,2,2,0,14,20019,0,1,34
8,2,2,1,14,20019,0,1,34
8,1,2,3,14,20019,1,1,29
2,1,2,0,14,20019,0,1,29
1,4,1,2,14,20009,1,1,61
8,2,2,9,14,20001,0,1,83
1,2,1,53,14,20001,0,1,83
1,2,1,0,14,20001,1,1,83
1,3,1,16,14,20005,0,0,61
8,2,1,362,14,20001,0,1,83
1,2,1,0,14,20001,0,1,83
8,2,2,13,14,20001,0,1,83
1,5,1,27,14,20009,0,1,61
8,2,2,36,14,20001,0,0,68
1,2,1,6,14,20001,0,1,83
1,3,1,0,14,20001,0,1,31
1,2,1,9,14,20005,0,1,61
8,2,2,6,14,20001,0,1,83
11,2,2,117,14,20001,1,1,83
11,4,1,2,14,20005,0,1,61
1,2,3,19,14,20005,1,1,61
8,2,2,102,14,20001,0,1,83
1,2,1,5,14,20001,0,1,61
1,2,1,7,14,20001,0,1,83
8,2,2,6,14,20001,1,1,61
1,2,1,2,14,20005,1,1,61
1,3,1,29,14,20001,0,0,68
1,2,2,6,14,20009,0,1,61
1,5,1,11,14,20001,1,0,83
1,2,1,1,14,20001,0,1,83
1,2,2,0,14,20005,1,1,61
1,2,1,72,14,20005,0,0,61
8,2,2,2,14,20001,1,1,83
1,3,1,22,14,20005,1,0,61
8,5,1,0,14,20001,0,0,68
1,4,1,1,14,20005,0,1,61
8,2,1,43,14,20001,0,0,61
1,4,1,3,14,20009,0,1,61
1,4,1,2,14,20005,0,1,61
1,2,3,2,14,20001,0,1,83
1,2,1,4,14,20001,0,1,83
1,2,1,22,14,20001,0,1,83
1,2,1,12,14,20005,1,1,61
1,2,1,7,14,20005,0,1,61
1,2,2,0,14,20009,0,1,61
1,2,2,44,14,20001,0,0,83
1,3,1,0,14,20005,1,1,61
1,3,1,0,14,20009,0,1,61
9,2,1,2,14,20005,0,1,61
1,3,1,4,14,20005,1,1,61
1,2,2,2,14,20009,1,1,61
1,3,1,1,14,20001,0,1,61
1,2,1,84,14,20001,0,1,83
1,2,1,52,14,20005,0,1,61
1,2,1,6,14,20001,0,1,83
1,2,2,3,14,20005,0,1,61
1,2,2,5,14,20001,0,1,61
1,2,1,11,14,20001,0,1,61
1,3,1,13,14,20005,0,1,61
1,2,1,7,15,20005,0,1,61
1,2,1,49,14,20001,0,0,83
8,2,2,120,14,20001,0,0,83
1,2,1,0,14,20009,0,1,96
1,3,1,2,14,20009,0,1,61
1,4,1,5,14,20005,0,1,61
1,2,3,15,14,20001,0,1,83
8,4,1,1,14,20001,0,1,83
1,3,1,3,14,20005,0,1,61
1,2,1,3,14,20001,0,1,68
8,2,2,5,14,20001,0,1,83
1,2,2,13,14,20001,0,1,83
8,2,2,35,14,20001,0,1,83
1,2,1,10,14,20001,1,1,68
8,3,1,13,14,20009,0,1,96
1,2,2,47,14,20001,1,1,61
6,3,1,15,14,20005,0,1,61
2,3,2,0,14,20005,0,1,61
1,2,1,44,14,20005,0,1,61
1,4,1,3,14,20005,0,1,61
1,2,1,0,15,20005,1,1,61
8,2,2,4,14,20009,0,1,61
1,2,1,2,14,20005,0,1,61
6,2,1,5,14,20005,0,1,61
1,2,1,1,14,20001,0,1,83
1,3,1,8,14,20009,0,1,61
1,5,1,0,14,20005,0,1,61
1,2,2,0,14,20005,0,1,61
1,2,2,3,14,20001,1,1,83
1,2,1,11,14,20001,0,1,83
1,2,1,1,14,20009,0,1,61
1,3,1,5,14,20005,0,1,61
11,6,1,0,14,20001,0,1,83
1,3,1,0,14,20009,0,1,61
1,2,1,1,14,20005,0,1,61
1,2,1,0,14,20005,0,1,61
8,1,2,4,14,20001,1,1,83
6,3,1,5,14,20001,0,1,83
11,2,2,9,14,20001,0,1,83
1,2,2,0,14,20005,0,1,61
8,2,1,5,14,20001,0,1,83
1,2,1,15,14,20005,0,1,61
1,2,1,0,14,20005,1,1,61
1,2,1,1,14,20005,0,1,61
8,4,1,0,14,20001,0,1,83
1,3,1,0,14,20005,1,1,61
1,4,1,15,14,20005,0,1,61
1,2,1,2,14,20005,1,1,61
8,3,2,0,14,20005,0,1,61
1,2,2,4,14,20001,0,1,83
1,2,2,1,14,20005,0,1,61
1,2,1,6,14,20001,0,1,83
1,2,3,4,14,20001,0,1,68
8,3,1,14,14,20001,0,1,83
8,2,2,40,14,20001,0,1,83
1,2,1,215,14,20001,0,1,83
8,2,2,1,15,20001,0,1,83
8,2,2,6,14,20001,0,0,83
1,2,1,89,14,20005,0,0,61
1,2,1,18,14,20005,0,1,61
1,2,1,1,14,20001,1,1,61
8,1,2,1,14,20009,0,1,61
8,3,1,16,14,20001,0,1,83
8,2,2,6,14,20001,1,1,68
1,2,1,0,14,20001,0,1,68
1,3,1,2,14,20005,1,1,61
1,2,2,16,14,20001,0,1,61
1,4,1,3,14,20005,0,1,61
11,6,1,1,14,20005,0,1,61
8,3,2,10,14,20001,0,1,83
8,2,2,1,14,20001,0,1,83
1,2,2,149,14,20009,0,0,61
1,2,1,54,14,20001,1,1,61
2,3,2,1,14,20005,0,1,61
1,3,1,11,14,20001,0,1,83
11,3,1,4,14,20001,0,1,83
1,2,2,98,14,20001,1,1,31
8,2,2,20,14,20001,0,1,83
1,2,1,7,14,20009,0,1,61
1,2,1,85,14,20001,0,1,83
1,2,1,0,14,20005,1,1,31
1,2,2,18,14,20005,0,1,61
1,2,1,7,14,20005,0,1,61
8,4,1,5,14,20005,0,1,61
8,4,1,19,14,20009,0,1,96
1,3,1,2,14,20009,0,1,61
8,2,2,20,14,20001,0,0,83
1,3,1,1,14,20005,1,1,61
1,2,2,15,14,20005,0,1,61
1,2,2,23,14,20001,0,0,83
2,3,2,0,14,20005,0,1,61
1,2,1,4,14,20001,1,1,31
2,3,2,1,14,20005,0,1,61
1,2,3,19,14,20005,1,1,61
1,2,1,0,14,20005,0,1,61
1,2,1,2,14,20001,0,1,83
1,2,3,3,14,20005,1,1,61
1,2,1,1,14,20001,0,1,61
1,3,1,2,14,20009,1,1,96
1,2,1,6,14,20001,0,1,83
1,2,1,116,14,20005,0,1,61
1,2,2,4,14,20009,0,1,61
8,6,1,0,14,20005,1,1,61
8,5,1,1,14,20001,0,1,68
8,2,2,16,14,20005,0,0,61
1,2,1,7,14,20001,1,1,83
1,2,1,13,14,20005,0,1,61
11,3,1,6,14,20001,0,1,83
1,2,2,26,14,20001,1,1,83
1,2,2,1,14,20005,0,1,61
8,4,1,36,14,20001,1,1,83
1,2,1,133,14,20005,1,1,61
1,2,1,4,14,20005,1,1,61
1,2,1,1,14,20001,0,1,83
1,2,1,2,14,20005,0,1,61
1,2,1,5,14,20005,1,1,61
1,2,1,5,14,20001,0,1,83
1,3,1,11,14,20005,1,1,61
8,5,1,51,14,20009,0,1,61
1,2,1,1,14,20005,0,1,61
11,4,1,1,14,20001,0,1,83
1,2,1,1,14,20009,1,1,61
1,4,1,0,14,20001,0,1,68
8,2,2,4,14,20005,0,1,61
1,3,1,0,14,20005,0,1,61
1,2,1,27,14,20005,0,1,61
1,2,1,2,14,20001,0,1,83
1,4,1,17,14,20005,0,1,61
1,2,2,6,14,20001,0,1,83
8,2,2,77,14,20001,0,1,83
1,2,2,15,14,20001,0,0,83
1,2,1,71,14,20005,0,0,61
1,3,1,0,14,20005,0,1,61
6,2,1,2,14,20005,1,1,61
1,3,1,23,14,20005,0,1,61
6,3,1,0,14,20005,1,1,61
1,4,1,9,14,20001,0,1,83
1,2,1,10,14,20005,0,1,61
1,2,1,8,14,20001,1,1,68
1,3,2,0,14,20001,1,1,61
11,2,2,0,14,20001,1,1,83
8,2,2,3,14,20001,1,1,83
8,2,2,15,14,20005,0,0,61
1,2,2,1,14,20009,0,1,61
8,5,1,41,14,20001,0,1,83
1,3,1,6,14,20005,0,1,61
1,2,1,6,14,20001,0,1,83
8,4,1,69,14,20001,0,1,83
1,3,1,8,14,20001,0,1,83
1,2,1,0,14,20005,0,1,61
1,2,1,38,14,20005,1,1,61
1,5,1,6,14,20001,0,0,83
1,2,1,54,15,20001,0,0,83
1,4,1,7,14,20001,0,1,70
2,3,2,0,14,20005,0,1,61
1,2,1,2,14,20001,0,1,83
1,2,1,4,14,20005,0,1,61
1,2,2,0,14,20005,1,1,61
1,2,1,26,14,20001,1,1,61
1,2,1,4,14,20005,0,1,61
1,2,1,4,14,20005,0,1,61
1,4,1,15,14,20001,0,1,61
8,3,1,12,14,20001,0,0,83
8,5,1,1,14,20009,0,1,61
8,2,1,41,14,20001,0,0,83
7,1,3,2,14,20001,1,1,83
1,2,1,51,14,20001,0,1,83
1,2,2,5,14,20001,1,1,68
1,3,1,5,14,20009,0,1,61
1,2,1,28,14,20005,0,0,61
1,2,1,31,14,20001,0,1,83
10,1,3,11,14,20001,1,1,83
1,2,1,1,14,20005,0,1,61
1,4,2,8,14,20001,0,0,83
1,2,1,2,14,20005,0,1,61
1,2,1,23,14,20005,0,0,61
6,2,2,157,14,20005,0,1,61
6,4,1,0,14,20005,1,1,61
8,2,2,1,14,20001,0,1,83
1,4,1,4,14,20001,0,1,68
1,2,1,3,14,20009,0,1,61
8,2,2,8,14,20019,0,1,63
1,2,1,80,14,20019,1,1,8
1,2,1,0,14,20019,1,1,63
8,2,2,9,14,20019,0,0,63
8,2,2,6,14,20019,0,1,63
8,2,2,1,14,20019,0,1,63
8,1,2,50,14,20019,0,0,63
9,2,2,36,14,20007,0,1,44
1,2,1,4,14,20016,1,1,98
8,2,1,75,14,20007,0,1,9
8,2,2,18,14,20016,0,1,56
8,2,2,1,14,20016,1,1,76
1,2,1,28,14,20016,0,1,56
1,2,1,68,14,20016,0,1,56
8,2,2,17,14,20007,0,0,76
8,4,1,0,14,20016,0,1,76
1,2,1,18,14,20007,0,0,76
8,2,2,0,14,20007,0,1,76
8,2,2,5,14,20016,0,1,56
8,4,1,1,14,20016,1,1,88
8,2,2,13,14,20016,0,0,56
8,2,2,0,14,20007,0,1,76
1,2,1,19,14,20016,0,1,56
8,1,2,0,14,20016,0,1,76
8,1,2,0,14,20007,1,1,44
8,5,1,1,14,20007,1,1,44
8,2,2,14,14,20016,0,1,76
1,2,1,8,14,20016,0,1,76
8,1,2,0,14,20007,1,1,76
1,1,1,1,14,20016,0,1,76
1,2,1,15,14,20007,0,1,44
8,6,1,0,14,20016,1,1,98
8,2,2,0,14,20016,1,1,56
8,6,1,2,14,20007,1,1,9
8,2,1,5,14,20007,1,1,9
8,2,2,1,14,20016,0,1,3
1,2,1,33,14,20016,0,1,56
6,1,2,0,14,20007,1,1,76
8,2,2,0,14,20007,0,1,76
8,6,1,0,14,20007,1,1,76
8,4,1,8,14,20016,0,1,56
8,2,2,1,14,20007,0,1,44
1,2,1,4,14,20007,0,1,76
8,5,1,8,14,20016,0,1,98
8,3,2,2,14,20016,0,1,98
8,1,2,10,14,20019,0,1,35
8,1,2,46,14,20019,0,1,35
8,2,2,67,14,20019,1,1,35
8,1,2,34,14,20019,0,1,35
8,1,2,7,14,20019,1,1,35
1,1,2,11,14,20002,0,1,18
8,1,2,2,14,20002,0,1,18
6,2,2,2,14,20002,1,1,53
8,1,2,3,14,20002,0,1,93
8,2,2,66,14,20002,0,1,72
8,3,1,0,14,20002,0,1,18
8,3,1,13,14,20002,0,1,93
8,2,2,9,14,20002,0,1,18
8,3,1,4,14,20002,0,1,93
10,6,2,0,14,20002,1,1,57
6,2,1,0,14,20002,0,1,53
1,2,1,6,14,20002,1,1,72
8,2,1,11,14,20002,0,1,18
8,2,2,4,14,20002,0,1,72
11,1,2,0,14,20002,0,1,18
8,2,1,0,14,20002,1,1,93
8,2,1,1,14,20002,1,1,93
8,1,2,4,14,20002,0,1,93
8,2,1,2,14,20002,1,1,18
8,1,2,4,14,20002,0,1,93
1,2,1,0,14,20002,0,1,72
11,3,1,0,14,20002,0,1,93
8,2,2,27,14,20002,0,1,93
1,2,1,5,14,20002,0,1,18
8,4,1,25,14,20002,0,1,93
8,2,1,1,14,20002,1,1,57
1,2,2,26,14,20002,1,1,93
8,2,2,15,14,20002,0,1,93
1,2,1,18,14,20002,0,1,93
8,2,2,14,14,20002,0,1,93
11,2,1,11,14,20002,0,1,93
1,2,1,0,14,20002,0,1,53
1,2,2,27,14,20002,1,1,93
1,2,2,3,14,20002,0,1,93
8,2,2,11,14,20002,0,1,46
1,2,2,0,14,20002,1,1,18
8,2,2,7,14,20002,0,1,53
8,2,2,8,14,20002,0,0,93
8,2,2,8,14,20002,0,1,93
1,2,1,19,14,20002,1,1,18
8,4,1,20,14,20002,0,0,93
1,2,1,5,14,20002,1,1,93
8,2,2,4,14,20002,0,1,93
8,3,1,34,14,20002,0,1,93
1,2,1,54,14,20002,1,1,93
8,3,1,1,14,20002,0,1,93
8,3,1,30,14,20002,0,0,72
8,2,2,24,14,20002,0,0,72
1,2,2,23,14,20002,0,1,18
1,2,1,33,14,20002,0,1,93
1,2,1,85,14,20002,0,1,93
1,2,1,2,14,20002,0,1,18
1,2,2,0,14,20002,0,1,18
1,4,1,14,14,20007,1,1,48
8,3,1,6,14,20007,0,1,15
1,2,1,0,14,20007,0,1,48
8,4,1,20,14,20007,0,1,48
1,2,2,1,14,20007,1,1,48
8,2,2,3,14,20007,0,1,15
8,6,1,0,14,20007,1,1,48
8,6,1,11,14,20007,0,1,48
1,2,1,0,14,20007,0,1,48
8,5,1,0,14,20007,1,1,48
8,3,2,10,14,20007,0,0,48
1,3,1,4,14,20007,1,1,48
8,3,1,5,14,20007,0,0,48
1,3,1,27,14,20007,0,1,48
1,2,1,10,14,20007,0,1,48
1,3,1,1,14,20007,1,1,48
1,5,1,2,14,20007,1,1,48
1,3,1,7,14,20007,1,1,48
8,2,2,5,14,20007,0,1,15
1,2,1,23,14,20007,0,1,48
1,4,1,7,14,20007,1,1,48
11,2,2,12,14,20007,0,1,48
1,4,1,1,14,20007,1,1,48
1,2,1,0,14,20007,1,1,15
1,2,1,0,14,20007,1,1,48
8,4,1,17,14,20007,0,1,48
1,3,1,2,14,20007,0,1,48
8,4,1,0,14,20007,1,1,48
1,2,2,4,14,20007,0,0,48
8,2,2,6,14,20007,0,1,48
8,3,1,0,14,20007,0,1,15
11,5,1,1,14,20007,0,1,15
1,2,1,1,14,20007,0,1,48
1,2,2,3,14,20007,0,1,48
8,4,1,2,14,20007,0,1,48
8,6,1,1,14,20007,0,1,48
1,2,1,11,14,20007,0,1,48
8,6,1,4,14,20007,0,1,48
8,3,1,7,14,20007,0,1,48
8,2,2,0,14,20007,0,1,48
8,2,2,1,14,20007,0,1,15
8,3,1,11,14,20007,0,1,48
1,2,1,0,14,20007,0,1,48
8,6,1,11,14,20007,0,0,48
1,3,1,6,14,20007,1,1,48
8,2,2,10,14,20007,0,1,15
1,2,1,8,14,20007,0,1,48
1,3,1,11,14,20007,1,1,48
1,2,1,7,14,20007,0,1,48
8,3,1,4,14,20007,0,1,48
1,3,1,4,14,20007,1,1,48
8,4,1,4,14,20007,0,1,15
8,2,2,21,14,20007,0,1,15
8,6,1,0,14,20007,0,1,48
8,5,1,0,14,20007,1,1,48
1,2,1,5,14,20007,1,1,48
1,4,1,0,14,20007,0,1,48
1,2,1,11,14,20007,0,1,48
1,6,1,10,14,20007,1,1,48
1,3,1,63,4,22209,1,1,48
1,2,1,1,14,20007,0,1,15
8,3,1,17,14,20007,0,1,48
1,2,2,7,14,20007,0,0,48
1,3,1,14,14,20007,1,1,48
1,2,1,0,14,20007,0,1,48
1,3,1,9,14,20007,1,1,48
6,3,1,3,14,20007,0,1,48
1,3,1,5,14,20007,1,1,48
8,2,2,2,14,20007,0,1,15
1,3,1,15,14,20007,1,1,48
1,2,2,10,14,20007,0,1,48
8,2,2,7,14,20007,0,1,15
8,2,2,16,14,20007,0,1,15
8,4,1,29,14,20007,0,1,15
8,3,1,0,14,20007,1,1,48
1,5,1,2,14,20007,1,1,48
1,2,1,2,14,20007,0,1,15
1,2,1,12,14,20007,1,1,48
8,3,1,0,14,20007,0,1,48
1,2,1,4,14,20007,1,1,48
8,5,1,0,14,20007,1,1,48
8,5,1,3,14,20007,0,1,48
1,2,1,0,14,20007,0,1,48
1,2,1,0,14,20007,0,1,48
1,5,1,0,14,20007,0,1,48
1,2,1,2,14,20007,0,1,48
1,3,1,12,14,20007,0,1,48
1,2,1,10,14,20007,1,1,48
1,5,1,1,14,20007,1,1,48
1,3,1,3,14,20007,0,1,48
8,5,1,7,14,20007,0,1,48
8,2,2,18,14,20007,0,1,15
8,2,2,6,14,20007,0,1,15
1,6,1,0,14,20007,1,1,48
1,2,1,36,14,20007,0,1,15
1,2,1,2,14,20007,0,1,48
1,3,1,0,14,20007,1,1,48
8,5,1,11,14,20007,0,1,48
1,3,1,2,14,20007,0,1,48
1,2,1,0,14,20007,0,1,48
8,5,1,11,14,20007,0,1,48
1,3,1,1,14,20007,0,1,48
8,4,1,32,14,20007,1,0,48
1,3,1,2,14,20007,0,1,48
8,2,2,8,14,20007,1,1,48
1,3,1,1,14,20007,0,1,48
1,2,1,5,14,20005,0,1,61
1,2,1,0,14,20009,1,1,96
8,2,2,24,14,20009,1,1,96
1,2,1,4,14,20009,1,1,32
1,2,2,6,14,20009,0,1,96
1,3,1,3,14,20009,0,1,96
1,2,2,23,14,20009,0,1,96
1,1,3,0,14,20005,0,1,61
1,3,1,2,14,20009,0,1,32
1,2,1,10,14,20009,0,1,96
1,2,1,2,14,20008,1,1,32
1,2,1,2,14,20009,0,1,32
1,2,2,3,14,20009,1,1,32
1,2,1,59,14,20037,0,1,32
1,2,1,0,14,20009,1,1,32
1,3,1,55,14,20036,0,1,32
1,2,1,0,14,20005,1,1,61
8,2,2,6,14,20009,1,1,96
1,2,1,67,14,20036,0,1,32
8,2,2,3,14,20009,1,1,96
1,3,1,50,14,20009,0,0,96
1,2,1,1,14,20009,1,1,32
8,1,3,2,14,20009,0,1,32
8,2,2,68,14,20005,0,0,61
1,3,1,20,14,20009,1,1,96
8,2,2,0,14,20008,0,1,55
1,2,1,2,14,20009,0,1,32
1,3,1,19,14,20005,0,1,61
1,4,1,0,14,20037,0,1,99
1,2,1,11,14,20009,0,1,32
1,2,1,0,14,20009,1,1,32
1,2,1,74,14,20008,0,1,32
1,2,1,0,14,20009,1,1,96
1,2,2,0,14,20009,0,1,96
1,2,1,1,14,20009,0,1,96
1,2,1,0,14,20036,0,1,32
1,3,1,19,14,20036,0,1,32
1,2,1,30,14,20005,1,1,61
1,2,1,16,14,20036,0,1,32
1,2,1,36,14,20009,0,1,96
1,2,1,15,14,20009,1,1,96
1,3,1,0,14,20009,1,1,2
1,2,1,0,14,20009,1,1,32
1,3,1,12,14,20036,1,1,32
1,3,1,0,14,20009,1,1,96
1,2,1,19,14,20009,0,1,96
8,2,2,1,14,20009,0,1,96
1,3,1,22,14,20036,0,1,32
1,4,1,7,14,20009,0,1,32
8,2,2,1,14,20009,0,1,32
1,4,1,32,14,20009,0,0,96
1,2,1,2,14,20009,0,1,96
1,2,1,1,14,20009,1,1,2
1,2,1,5,14,20009,0,1,32
1,5,1,0,14,20009,1,1,32
6,2,1,2,14,20036,0,1,32
1,3,1,6,14,20009,1,1,32
1,4,1,0,14,20037,0,1,99
1,3,1,9,14,20009,0,1,32
8,2,2,3,14,20009,0,1,96
1,2,1,7,14,20036,0,1,32
1,2,2,0,14,20008,0,1,32
1,2,1,8,14,20009,1,1,32
1,2,2,3,14,20009,0,1,96
1,2,1,0,14,20009,1,1,32
1,2,1,44,14,20005,0,1,61
2,3,2,2,14,20009,0,1,32
6,3,1,0,14,20005,1,1,61
1,3,1,7,14,20009,1,1,32
1,2,1,2,14,20036,1,1,32
8,3,1,1,14,20009,1,1,96
1,2,1,0,14,20005,1,1,61
8,2,2,5,14,20009,0,1,96
8,3,2,1,14,20008,0,1,55
1,3,1,0,14,20009,0,1,96
1,2,1,49,14,20036,0,1,32
1,3,1,6,14,20009,0,1,96
1,2,1,22,14,20037,0,1,32
8,1,3,7,14,20009,0,1,32
1,2,1,4,14,20036,0,1,32
1,3,2,12,14,20036,0,1,32
11,3,1,1,14,20009,0,1,96
1,2,1,2,14,20009,1,1,96
1,3,1,2,14,20009,0,1,32
1,2,1,24,15,20036,0,0,32
1,2,1,28,14,20036,0,1,32
8,3,1,2,14,20009,0,1,96
1,2,2,0,14,20037,0,1,31
8,4,1,10,14,20036,0,1,32
1,2,1,1,14,20009,0,1,96
1,2,2,2,14,20009,0,1,96
1,2,1,18,14,20008,0,1,32
1,2,2,0,14,20009,1,1,32
1,2,2,9,14,20009,0,1,96
1,2,1,30,14,20036,0,1,32
1,2,1,1,14,20009,0,0,32
1,2,1,100,14,20009,0,0,96
1,2,1,41,14,20036,0,1,32
1,2,1,12,14,20009,1,1,32
8,4,1,0,14,20037,0,1,32
8,2,2,23,14,20009,0,1,32
1,2,1,5,14,20036,0,1,32
1,3,1,0,14,20009,0,1,2
1,2,2,42,14,20009,0,1,32
1,3,1,1,14,20009,0,1,96
1,3,1,21,14,20009,0,1,61
1,2,2,1,14,20009,1,1,96
8,2,2,4,14,20009,0,1,96
1,2,1,1,14,20009,0,1,32
8,2,2,7,14,20009,0,1,96
1,3,1,6,14,20037,0,1,99
1,3,2,8,14,20037,0,1,39
1,2,1,45,14,20009,1,1,96
8,2,2,5,14,20009,1,1,96
1,3,1,26,14,20037,0,0,32
1,3,1,12,14,20009,0,0,96
8,2,2,6,14,20009,1,1,96
8,2,1,3,14,20009,1,1,32
8,1,3,7,14,20009,0,1,32
1,2,1,6,14,20009,1,1,32
8,2,2,7,14,20036,1,1,32
1,2,1,10,14,20009,0,1,96
1,2,2,0,14,20036,0,1,32
1,2,1,20,14,20005,0,1,61
1,2,1,10,9,20009,0,1,32
1,2,1,60,14,20009,0,0,96
8,2,1,3,14,20009,1,1,96
8,2,2,11,14,20036,1,1,32
8,2,2,9,14,20036,1,1,32
8,2,2,24,14,20009,0,1,32
1,2,1,6,14,20037,0,1,32
8,6,1,12,14,20008,0,1,55
8,3,1,1,14,20005,0,1,61
1,3,1,0,14,20009,1,1,32
1,3,1,0,14,20037,0,1,99
1,2,2,2,14,20009,0,1,61
1,2,1,11,14,20009,0,1,96
1,2,1,0,14,20009,0,1,61
6,3,1,0,14,20005,1,1,61
1,2,1,14,14,20009,0,0,32
1,2,1,41,14,20009,0,0,32
1,3,1,1,14,20005,1,1,61
1,2,3,0,14,20009,1,1,32
1,2,1,5,14,20037,0,1,31
1,3,1,31,15,20036,0,1,32
1,2,1,3,14,20009,1,1,32
8,3,2,4,14,20037,0,1,32
1,3,1,1,14,20009,1,1,2
1,2,1,31,14,20005,0,1,61
8,2,3,15,14,20036,1,1,32
1,3,1,0,14,20009,0,1,32
1,2,1,12,14,20009,0,1,96
1,2,2,2,14,20009,0,1,96
8,2,2,2,14,20009,0,1,32
1,3,1,2,14,20009,0,1,32
8,2,2,4,14,20009,1,1,96
8,2,2,27,14,20036,1,1,32
1,2,1,8,14,20009,0,1,32
1,3,1,3,14,20009,0,1,32
1,2,1,4,14,20036,0,1,32
1,3,1,1,14,20009,0,1,32
1,2,1,4,14,20005,1,1,61
8,2,2,14,14,20009,1,1,96
1,2,1,6,14,20005,1,1,61
8,2,2,3,14,20009,1,1,96
1,2,2,25,14,20009,0,1,61
1,2,1,3,14,20036,1,1,32
1,2,1,0,14,20037,0,1,32
1,3,1,34,14,20009,0,1,32
1,2,3,74,14,20005,1,1,61
1,2,1,0,14,20009,0,1,96
1,2,1,2,14,20036,0,1,32
1,2,1,3,14,20036,1,1,32
1,2,1,8,14,20009,0,1,96
1,5,1,27,14,20008,0,1,55
1,2,2,8,14,20009,1,1,32
1,2,1,1,14,20005,1,1,61
1,2,1,4,14,20009,0,1,32
1,2,1,9,14,20005,0,1,61
1,2,1,10,14,20009,1,1,32
8,2,1,0,14,20009,0,1,96
8,3,1,18,15,20009,0,1,96
8,2,2,6,14,20036,1,1,32
1,2,1,1,14,20009,0,0,96
1,3,1,1,14,20009,0,1,32
1,2,1,0,14,20005,1,1,61
11,2,2,2,14,20009,1,1,96
6,3,1,4,14,20036,1,1,32
1,3,1,65,14,20005,1,1,61
1,2,1,26,14,20008,0,1,32
8,2,2,1,14,20036,0,1,32
1,4,1,1,14,20037,0,1,99
1,2,1,5,14,20037,0,1,32
1,2,2,18,14,20009,0,1,32
8,2,2,3,14,20036,0,1,32
8,2,2,170,14,20037,0,1,32
1,2,2,11,14,20009,1,1,96
1,2,1,46,14,20009,0,1,32
1,3,1,150,15,20005,0,1,61
1,2,2,24,14,20009,0,1,32
1,2,1,0,14,20009,1,1,32
1,2,1,6,14,20005,0,1,61
1,3,1,0,14,20037,1,1,61
1,2,1,55,14,20009,0,1,96
6,2,1,4,14,20009,0,1,32
8,3,2,0,14,20037,0,1,32
1,2,2,19,14,20009,1,1,61
1,2,1,14,14,20009,0,1,32
1,3,1,19,14,20036,0,1,32
1,2,1,4,14,20009,0,1,32
1,2,1,1,14,20009,0,1,96
8,4,1,0,14,20009,0,1,96
8,2,2,6,14,20009,0,1,32
1,2,2,6,14,20009,0,1,32
1,2,1,1,14,20009,1,1,32
1,2,1,5,14,20009,0,1,32
1,2,1,10,14,20009,0,1,32
1,2,2,56,14,20009,0,1,96
1,2,2,8,14,20009,0,0,32
1,3,1,48,14,20036,1,1,32
1,2,1,2,14,20036,0,1,32
1,2,1,0,14,20009,0,1,32
1,3,1,6,14,20036,1,1,32
8,2,2,10,14,20009,1,1,96
1,2,1,94,14,20005,0,1,61
1,2,2,3,14,20036,0,1,61
1,2,2,2,14,20009,1,1,96
1,2,1,0,14,20036,0,1,32
1,2,1,57,14,20009,0,1,32
1,2,1,0,14,20036,0,1,32
1,2,1,17,14,20009,0,0,32
1,3,1,16,14,20009,0,1,32
8,2,2,9,14,20009,1,1,96
1,3,1,0,14,20009,0,1,2
1,2,1,26,14,20009,0,1,32
1,3,1,23,14,20036,0,0,32
8,3,1,119,14,20037,0,1,32
1,2,1,4,14,20009,0,1,96
1,2,2,1,14,20009,1,1,32
1,2,1,13,14,20009,0,0,32
1,2,1,3,14,20009,0,1,32
1,3,1,0,14,20009,0,1,96
1,2,1,30,14,20009,0,1,32
1,2,1,127,14,20005,0,1,61
1,2,1,48,14,20009,0,1,32
1,2,1,6,14,20009,0,1,32
1,2,2,18,14,20007,0,1,55
8,2,2,31,14,20009,1,1,96
1,2,1,1,14,20009,0,1,32
1,3,1,25,14,20009,0,1,32
1,2,1,12,14,20009,1,1,32
8,2,1,0,14,20009,1,1,32
1,2,1,0,14,20009,1,1,32
11,2,1,6,14,20009,0,1,96
1,2,1,4,14,20009,1,1,32
1,6,1,0,14,20009,1,1,96
1,2,1,28,14,20036,0,1,32
1,1,3,1,14,20009,0,1,96
1,2,1,1,14,20037,1,1,99
1,3,1,0,14,20009,1,1,96
1,2,1,9,14,20009,1,1,32
6,4,1,0,14,20009,0,1,32
1,2,1,17,14,20009,0,1,32
2,3,2,5,14,20009,0,1,32
1,3,1,0,14,20036,0,1,32
10,2,1,0,14,20009,0,1,32
1,2,2,0,14,20036,0,1,32
1,1,2,0,15,20009,1,1,32
8,3,1,0,14,20009,1,1,96
1,2,1,32,14,20009,0,0,96
6,2,2,1,14,20005,1,1,61
8,2,2,0,14,20009,1,1,96
1,3,1,3,14,20036,1,1,61
1,2,1,59,14,20009,0,1,32
1,2,1,37,14,20009,0,1,32
8,2,2,11,14,20036,1,1,32
8,2,2,12,14,20009,0,1,32
1,2,1,36,14,20009,0,1,96
1,2,1,10,14,20005,0,1,61
1,2,1,6,14,20009,0,1,96
1,3,1,21,14,20036,0,0,32
8,2,2,19,14,20036,1,1,32
2,3,2,5,14,20009,0,1,32
1,3,1,19,14,20009,0,0,96
1,2,1,64,14,20009,1,1,96
8,2,2,6,14,20009,1,1,96
1,2,1,1,14,20009,0,1,32
8,6,1,37,14,20036,0,1,32
1,2,1,1,14,20009,1,1,96
1,2,1,12,14,20009,0,1,32
1,2,1,18,14,20009,0,1,32
1,2,2,0,14,20036,0,1,32
1,2,1,0,14,20036,1,1,32
1,2,1,18,14,20009,0,1,96
1,2,1,0,14,20037,1,1,32
1,3,1,10,14,20036,0,1,32
2,3,2,5,14,20008,1,1,55
8,2,2,0,14,20009,0,1,32
8,2,2,8,14,20009,1,1,96
1,2,2,64,14,20009,1,1,96
1,5,2,0,14,20006,1,1,31
1,2,1,11,14,20036,0,0,32
8,2,2,5,14,20009,1,1,96
1,3,1,47,14,20036,0,1,32
1,2,1,114,14,20009,0,1,32
1,2,1,0,14,20009,0,1,96
1,2,1,5,14,20005,0,1,61
1,2,1,80,14,20009,0,1,96
8,6,1,41,14,20008,0,1,55
1,2,1,206,14,20009,0,1,32
6,2,1,13,14,20009,0,1,32
1,2,1,44,14,20009,0,1,32
1,3,1,24,14,20037,0,1,32
9,2,1,15,14,20036,1,0,61
8,3,1,0,14,20009,1,1,32
1,3,1,1,14,20037,0,1,32
6,3,1,0,14,20036,0,1,32
1,2,1,11,14,20009,0,1,32
1,2,1,0,14,20009,1,1,32
1,2,1,3,14,20036,0,1,32
1,3,1,152,15,20005,0,1,32
1,2,1,2,14,20005,0,1,61
1,2,1,9,14,20009,0,1,32
1,3,1,0,14,20009,0,1,32
8,2,2,31,14,20009,1,1,96
8,2,2,53,14,20001,0,1,60
8,2,2,3,14,20001,0,1,96
1,2,1,9,14,20001,1,0,96
8,2,2,2,14,20001,0,1,96
1,3,1,0,14,20009,1,1,96
1,3,1,0,14,20001,0,1,17
6,2,1,3,14,20001,0,1,60
1,2,1,20,14,20009,0,0,96
2,3,2,0,14,20009,0,1,96
1,2,1,2,14,20001,0,1,60
8,2,2,3,14,20001,0,1,60
1,2,1,1,14,20001,0,1,60
8,2,1,3,14,20001,0,1,96
8,2,2,31,14,20009,0,1,96
1,2,1,42,15,20001,0,1,96
8,2,1,86,14,20001,0,1,60
1,2,1,24,14,20009,0,1,96
8,3,1,19,14,20009,0,0,96
8,2,2,8,15,20001,0,1,60
1,2,1,122,14,20009,0,1,96
1,3,1,9,14,20009,0,1,96
8,2,1,4,14,20009,0,1,96
1,2,2,20,14,20009,0,1,96
8,5,1,4,14,20001,1,1,96
8,3,1,0,14,20009,0,1,96
8,2,2,27,14,20009,0,1,96
1,2,1,1,14,20009,0,1,96
1,2,1,42,14,20009,0,1,96
1,2,1,7,14,20001,0,1,96
10,2,2,1,14,20009,0,1,96
1,1,2,3,15,20001,0,1,10
2,3,2,0,14,20009,0,1,96
6,3,1,0,14,20001,0,1,10
1,2,1,0,14,20009,0,1,96
1,2,2,0,14,20001,0,1,83
10,2,2,7,14,20009,0,1,96
1,3,1,4,14,20009,1,1,96
1,2,2,8,14,20009,0,1,96
6,2,1,1,14,20009,0,1,26
1,2,1,36,14,20009,0,0,96
6,4,1,3,14,20001,1,1,96
1,2,1,4,14,20001,0,1,96
1,2,1,2,14,20001,0,1,60
8,2,1,0,14,20009,1,1,96
8,2,2,4,14,20001,0,1,10
1,3,1,3,14,20009,0,1,96
6,3,2,0,14,20001,1,1,96
1,2,2,31,14,20009,0,0,96
1,2,2,3,14,20001,0,1,60
1,1,3,11,14,20001,1,1,10
1,3,1,0,14,20009,0,1,96
1,3,1,17,14,20001,0,1,96
6,2,1,2,14,20009,1,1,26
1,2,1,1,14,20009,1,1,96
1,2,1,65,14,20009,1,0,96
1,2,2,0,14,20009,1,1,96
1,2,1,36,14,20009,0,1,96
8,2,2,18,14,20001,0,0,83
1,2,1,0,14,20009,1,1,96
1,2,1,21,14,20001,1,1,80
8,2,2,18,14,20009,0,1,96
1,2,1,37,14,20001,0,1,10
8,3,1,8,14,20009,0,1,26
1,3,1,0,14,20009,0,1,96
1,2,2,8,14,20009,0,1,96
8,2,1,23,14,20001,0,0,96
8,3,1,11,14,20001,0,1,60
1,3,1,0,15,20009,1,1,96
1,2,1,4,14,20009,0,1,96
8,1,2,0,14,20009,0,1,96
1,2,1,0,14,20009,0,1,96
1,2,1,17,14,20009,0,0,96
8,4,1,17,14,20001,0,0,83
1,2,1,11,14,20001,0,1,60
1,2,1,6,14,20009,0,1,96
8,2,1,52,15,20001,0,1,96
1,2,1,88,14,20009,0,1,96
1,3,1,102,14,20001,0,0,96
1,4,1,0,14,20009,0,1,26
8,2,2,39,14,20001,0,1,60
1,2,1,1,14,20001,0,1,96
1,2,1,8,14,20009,0,1,96
1,3,1,0,14,20009,1,1,96
9,2,1,9,14,20009,0,1,96
11,3,1,3,14,20009,0,1,61
8,4,1,24,14,20001,0,1,60
1,3,1,0,14,20009,0,1,96
1,3,1,2,14,20001,0,1,60
11,1,2,3,14,20001,0,1,94
6,2,1,4,14,20009,1,1,96
1,2,1,60,14,20009,0,1,96
8,3,1,4,14,20001,0,1,96
8,6,1,10,14,20009,0,1,61
8,5,1,7,14,20001,0,1,83
1,2,2,14,14,20009,0,1,96
8,2,2,12,14,20001,0,1,60
1,1,2,1,14,20001,0,1,10
8,2,2,2,14,20001,0,1,96
1,5,1,10,14,20001,0,1,96
8,2,2,23,14,20001,0,1,83
8,2,2,5,14,20001,0,1,96
8,3,1,3,14,20009,0,1,96
8,2,2,1,14,20009,0,1,96
1,5,1,0,14,20001,0,1,96
8,3,1,40,14,20001,0,0,60
1,3,1,43,14,20001,1,1,60
1,2,1,40,14,20009,0,0,96
8,2,2,4,14,20001,0,1,96
1,3,1,15,14,20009,1,1,96
1,3,1,0,14,20009,0,1,96
8,3,1,5,14,20009,0,1,26
8,4,1,10,14,20001,0,1,96
9,3,1,1,14,20009,0,1,61
1,2,1,4,14,20009,1,1,96
8,2,2,7,14,20001,0,1,96
11,2,2,11,14,20001,0,1,83
8,2,2,3,14,20010,1,1,77
8,3,1,5,14,20009,1,1,96
2,2,2,0,14,20001,0,1,10
1,2,1,39,14,20001,0,0,96
8,3,1,28,14,20001,0,1,96
1,4,1,11,14,20009,0,1,61
1,2,1,11,15,20009,0,1,26
1,4,1,4,14,20009,0,1,26
11,4,1,3,14,20024,0,1,87
1,2,1,2,14,20024,1,1,87
1,2,1,1,14,20024,0,1,87
8,2,2,17,14,20024,1,1,87
1,3,1,11,14,20024,0,0,87
1,2,2,21,14,20024,0,1,87
1,2,1,2,14,20024,0,1,87
1,2,3,14,14,20024,0,1,87
1,2,1,2,14,20024,0,1,87
1,2,1,0,14,20024,0,1,87
1,2,1,0,14,20024,0,1,87
1,3,1,1,14,20024,1,1,87
2,2,2,2,14,20024,1,1,87
6,2,1,15,14,20024,0,1,87
1,2,1,12,14,20024,0,1,87
8,2,2,21,14,20024,1,1,87
1,2,2,11,14,20024,0,1,87
1,2,2,5,14,20024,0,1,87
8,2,1,59,14,20024,0,0,87
1,2,1,0,14,20024,1,1,87
1,2,1,117,15,20024,0,1,87
11,2,1,0,14,20024,1,1,87
8,2,2,41,14,20024,1,1,87
1,2,1,2,14,20024,0,1,87
8,2,2,36,14,20024,1,1,87
8,2,2,128,14,20024,1,1,87
1,2,2,0,14,20024,1,1,87
8,4,1,2,15,20024,1,1,87
1,3,1,17,14,20024,0,1,87
1,2,3,11,14,20024,0,1,87
8,2,2,0,14,20024,1,1,87
1,2,2,0,14,20024,0,1,87
1,2,2,2,14,20024,0,1,87
8,5,1,7,15,20024,1,1,87
1,3,1,8,14,20024,0,1,87
8,1,2,77,14,20024,1,1,87
10,2,2,1,14,20024,1,1,87
1,2,1,3,14,20024,0,1,87
1,2,1,31,14,20024,1,1,87
1,2,1,3,14,20024,0,1,87
8,2,2,3,14,20024,1,1,87
1,3,1,2,14,20024,0,1,87
1,2,3,5,14,20024,0,1,87
1,3,1,0,14,20024,0,1,87
1,2,1,6,14,20024,1,1,87
11,2,2,0,14,20024,1,1,87
1,2,2,5,14,20024,1,1,87
8,2,2,30,14,20024,0,1,87
1,3,1,2,14,20024,0,1,87
1,2,1,2,14,20024,1,1,87
1,2,3,1,14,20024,1,1,87
1,2,1,0,14,20003,1,1,87
8,4,1,4,15,20024,0,1,87
1,2,1,1,14,20024,0,1,87
1,3,1,12,14,20024,0,1,87
11,2,2,7,14,20024,0,1,87
8,2,2,46,14,20024,0,1,87
1,2,2,56,14,20024,0,1,87
11,2,2,0,14,20024,0,1,87
1,3,1,10,14,20024,0,1,87
1,2,2,38,14,20024,1,1,87
1,2,2,5,14,20024,1,1,87
1,2,1,35,14,20024,0,0,87
8,2,2,6,14,20024,0,1,87
1,2,1,1,14,20024,1,1,87
1,2,1,16,14,20024,0,0,87
1,2,2,5,14,20017,1,1,13
8,2,2,29,14,20017,0,1,74
1,2,1,27,14,20017,0,1,65
8,2,2,7,14,20018,0,1,102
1,4,1,0,14,20017,1,1,37
1,2,3,5,14,20017,0,1,13
1,2,2,1,14,20017,1,1,13
8,2,1,0,14,20017,0,1,65
1,1,1,4,14,20064,1,1,20
8,2,1,119,14,20017,0,1,74
1,6,1,0,14,20064,1,1,37
8,1,3,8,14,20017,0,1,74
8,2,2,0,14,20017,1,1,13
8,2,2,1,14,20017,0,1,65
8,2,2,5,14,20018,0,1,102
8,2,2,63,14,20017,0,1,74
8,2,2,11,14,20017,0,1,65
1,6,1,0,14,20017,0,1,37
8,2,2,0,14,20017,1,1,13
1,2,2,4,14,20017,1,1,13
2,2,2,10,14,20017,1,1,13
8,2,1,3,14,20017,0,1,65
8,5,2,0,14,20017,0,1,13
1,5,1,0,14,20017,0,1,37
1,2,1,0,14,20017,1,1,65
8,2,2,55,14,20017,0,1,65
8,5,1,0,14,20017,0,1,65
1,4,1,0,14,20017,0,1,65
1,6,2,0,14,20064,1,1,37
1,2,2,1,14,20017,1,1,13
1,2,2,5,14,20017,1,1,13
8,1,2,17,14,20017,0,1,65
2,2,2,15,14,20017,1,1,13
8,4,2,0,14,20017,1,1,13
1,2,1,14,14,20010,1,1,1
1,2,1,90,14,20011,0,1,78
1,2,1,9,14,20011,0,1,78
8,2,2,31,14,20011,0,0,78
8,2,1,8,14,20011,0,1,78
1,2,1,9,14,20011,1,1,1
1,2,2,41,15,20010,0,0,26
8,1,2,1,14,20011,0,1,1
1,2,1,0,14,20011,0,1,1
1,1,2,4,14,20011,0,1,1
8,2,1,20,14,20011,0,1,78
11,3,1,7,14,20011,1,1,1
1,2,1,7,14,20011,0,1,78
1,2,2,1,14,20011,0,1,1
1,2,1,0,14,20010,1,1,26
1,2,1,9,14,20010,0,1,78
1,2,1,3,14,20011,1,1,1
1,2,2,0,14,20011,0,1,1
1,2,1,0,14,20011,0,1,78
1,2,1,1,14,20010,0,1,1
8,2,2,17,14,20011,0,1,62
8,2,2,0,14,20011,1,1,78
8,2,2,6,14,20011,0,1,78
1,2,1,130,14,20011,1,1,62
1,2,1,0,14,20011,1,1,1
8,1,2,1,14,20010,0,1,78
1,2,1,0,14,20011,1,1,78
8,2,1,25,14,20011,0,0,78
8,2,2,1,14,20011,1,1,12
1,2,1,15,14,20011,0,1,78
1,1,2,1,14,20010,0,1,78
8,2,1,21,14,20011,1,1,62
8,2,2,57,14,20011,0,1,78
8,2,2,10,14,20011,0,1,78
8,2,2,49,14,20011,0,1,1
8,6,1,0,14,20011,1,1,1
8,4,1,8,15,20011,0,1,78
8,6,1,6,14,20011,0,1,1
8,2,2,45,14,20011,0,1,78
8,3,1,10,14,20011,0,1,78
8,2,2,2,14,20011,0,1,78
8,2,2,0,14,20011,1,1,78
1,2,2,23,14,20010,0,1,28
1,2,1,16,14,20010,0,1,26
8,2,2,0,14,20011,0,1,78
8,2,1,5,14,20011,0,1,78
1,4,1,9,14,20011,0,1,1
8,3,1,1,14,20011,0,1,78
8,2,2,6,14,20011,0,1,78
8,2,2,11,14,20011,1,1,1
1,2,1,10,14,20011,0,1,78
1,2,1,0,14,20011,0,1,78
1,2,1,54,14,20011,0,0,78
8,5,1,3,14,20011,0,1,12
8,2,2,10,14,20011,0,1,28
11,3,1,0,14,20011,0,1,78
8,3,2,2,14,20010,0,1,1
8,2,1,0,14,20011,0,1,62
8,2,2,7,14,20011,0,1,78
8,2,2,34,14,20011,0,1,78
8,2,1,21,14,20011,0,1,1
1,2,1,5,14,20011,0,1,78
8,2,2,32,14,20011,0,1,78
8,4,1,84,14,20011,0,0,78
8,2,2,75,14,20011,0,0,78
8,2,2,2,14,20011,1,1,78
4,2,2,3,14,20011,0,1,1
1,2,1,18,14,20011,1,1,1
1,2,1,1,14,20011,1,1,1
8,2,1,16,14,20011,0,1,1
1,2,1,72,14,20011,0,1,78
8,2,2,8,14,20011,0,1,1
8,2,1,24,14,20011,0,0,78
1,2,1,2,14,20010,0,1,1
8,1,2,0,14,20011,0,1,78
1,2,2,10,14,20011,0,1,1
1,2,1,2,14,20011,0,1,78
8,2,2,0,14,20011,0,1,12
8,2,1,3,14,20011,0,1,78
1,1,2,4,14,20010,0,1,78
1,2,1,5,14,20011,0,1,1
8,1,2,3,14,20010,0,1,78
8,2,1,22,14,20011,0,1,78
8,2,2,4,14,20011,0,1,78
8,2,2,3,14,20011,0,1,78
1,2,2,1,14,20011,0,1,1
1,2,1,6,14,20011,0,1,78
8,5,1,3,14,20011,0,1,1
8,1,2,36,15,20011,1,0,1
8,2,2,25,14,20011,0,1,78
2,2,1,89,14,20011,0,0,78
8,1,2,4,14,20010,0,1,78
8,2,2,5,14,20011,0,1,78
1,2,1,39,14,20011,0,1,78
8,4,1,26,14,20011,1,1,78
11,2,1,1,14,20011,1,1,78
8,4,1,19,14,20011,1,1,78
1,2,1,2,14,20011,0,1,1
8,2,1,14,14,20011,0,1,1
1,2,1,3,14,20011,0,1,78
8,2,2,100,14,20011,0,0,78
8,2,2,4,14,20011,0,1,1
8,2,2,6,14,20011,0,1,78
8,3,1,3,14,20011,0,1,1
8,3,1,7,14,20011,0,1,78
1,2,1,3,14,20011,1,1,78
8,2,2,27,14,20011,0,1,78
8,2,2,101,14,20011,0,1,78
8,3,1,4,14,20011,0,1,1
1,2,2,0,14,20011,0,1,78
8,2,2,8,14,20011,0,1,12
8,2,2,116,14,20011,0,1,78
8,2,2,102,14,20011,0,1,78
1,2,1,0,14,20011,0,1,78
9,2,1,51,14,20011,0,1,1
8,2,2,1,14,20011,0,1,1
8,2,2,43,14,20011,0,1,1
1,2,1,17,14,20010,0,1,67
1,3,1,0,14,20011,0,1,1
1,2,2,1,14,20011,0,1,1
8,2,2,0,14,20011,0,1,78
8,2,2,12,14,20011,0,1,78
1,2,1,47,14,20011,1,1,78
8,2,2,1,14,20010,0,1,1
1,2,2,2,14,20010,0,1,1
8,3,1,0,14,20011,0,1,78
8,2,2,60,14,20011,0,1,1
8,2,1,0,14,20010,0,1,67
8,2,2,20,14,20011,0,0,1
8,2,2,0,14,20011,1,1,78
8,2,1,62,14,20011,0,0,78
8,3,1,2,15,20011,0,1,1
1,2,1,1,14,20010,0,1,26
1,1,3,1,14,20011,0,1,1
1,2,1,44,14,20011,0,0,28
8,1,2,2,14,20011,0,1,78
1,3,1,7,14,20011,1,1,28
1,2,1,69,14,20011,0,0,78
8,2,2,4,14,20011,1,1,78
1,2,2,0,14,20011,1,1,1
8,2,1,96,14,20011,0,1,28
1,3,1,1,14,20011,1,1,78
8,2,2,58,14,20011,0,1,78
8,2,2,4,14,20011,0,1,78
8,2,2,0,14,20011,0,1,78
1,2,2,5,14,20011,0,1,78
1,2,1,19,14,20010,0,1,77
8,1,2,6,14,20011,1,1,78
1,2,1,0,14,20011,1,1,78
1,1,1,2,14,20011,0,1,78
8,2,1,3,14,20011,0,1,78
8,2,2,22,14,20011,0,0,1
8,2,2,20,14,20011,0,1,78
8,5,1,0,14,20011,1,1,1
8,6,1,0,14,20011,0,1,78
8,2,2,2,14,20011,1,0,62
1,2,1,0,14,20008,0,1,73
1,2,1,4,14,20008,0,1,40
1,2,1,0,14,20008,0,1,40
1,2,2,47,14,20008,1,0,24
6,2,1,0,14,20008,0,1,73
1,2,1,10,14,20008,1,1,40
1,2,2,0,14,20008,1,1,40
1,2,1,3,15,20008,0,1,73
1,2,1,6,14,20008,1,1,40
2,3,2,1,14,20008,0,1,40
1,3,1,4,14,20008,1,1,24
1,2,1,0,14,20008,1,1,24
1,2,1,11,14,20008,0,1,40
1,2,1,0,14,20008,0,1,40
1,2,1,2,14,20008,1,1,40
1,2,1,3,14,20008,1,1,73
2,3,2,0,14,20008,0,1,40
1,2,1,8,14,20008,0,1,73
1,2,1,0,14,20008,0,1,73
1,2,1,1,14,20008,1,1,40
8,4,1,0,14,20015,1,1,40
1,6,1,0,14,20008,1,1,24
1,2,1,13,14,20008,1,1,40
1,2,1,15,14,20008,0,1,40
1,2,3,9,14,20008,1,1,40
1,1,3,35,14,20008,1,1,40
1,2,1,1,14,20008,0,1,24
1,4,1,0,14,20008,1,1,40
1,1,2,0,14,20008,1,1,40
1,2,1,5,14,20008,0,1,73
1,3,1,1,14,20008,0,1,40
1,2,1,3,14,20008,1,1,40
1,2,1,0,14,20008,0,1,40
1,2,1,0,15,20008,1,1,40
1,2,1,4,14,20016,0,1,3
8,2,2,34,14,20008,0,1,24
8,4,1,3,14,20016,1,1,3
1,2,1,24,14,20016,0,1,3
8,3,1,15,14,20016,0,1,88
1,2,1,7,14,20016,0,1,24
8,1,2,5,14,20016,1,1,3
8,2,2,84,14,20015,0,0,45
1,2,1,7,14,20016,1,1,3
1,1,2,2,14,20016,1,1,3
8,2,2,61,14,20016,0,1,45
8,1,2,0,14,20016,1,1,3
1,3,1,1,14,20015,1,1,45
8,3,1,0,14,20016,1,1,45
8,2,2,8,14,20016,0,1,3
8,1,2,0,14,20016,1,1,3
1,2,1,10,14,20016,0,1,3
8,2,2,34,14,20015,0,1,45
8,2,2,10,14,20016,1,1,3
1,2,1,0,14,20015,1,1,45
8,2,2,16,14,20016,1,1,45
8,2,2,16,14,20015,1,0,45
8,2,2,21,14,20016,0,0,73
8,2,2,0,14,20016,0,1,3
8,2,2,3,14,20015,0,0,45
8,1,2,0,14,20016,1,1,3
8,3,1,20,14,20016,0,1,73
8,3,1,26,14,20011,0,0,62
8,2,2,5,14,20012,1,1,91
8,2,2,109,14,20012,1,1,91
1,2,1,0,14,20012,0,1,91
8,2,1,0,14,20012,1,1,91
1,2,1,4,14,20012,0,1,91
8,2,1,1,14,20012,0,1,91
8,2,2,1,14,20012,0,1,91
8,4,1,6,14,20011,0,0,62
1,2,1,4,14,20011,0,1,12
8,2,1,3,14,20012,0,1,91
8,2,2,2,14,20012,0,1,91
1,2,1,58,14,20012,1,1,91
8,3,1,16,14,20011,0,1,12
1,2,1,3,14,20012,0,1,91
8,2,2,22,14,20011,0,1,62
8,2,2,0,14,20011,0,0,62
8,2,2,7,14,20011,0,1,62
8,2,2,29,14,20012,0,0,62
8,2,2,2,14,20011,0,1,62
10,1,3,0,14,20011,0,1,58
1,2,1,3,15,20011,1,1,12
1,2,1,1,14,20011,0,1,62
8,2,2,28,14,20012,0,0,91
8,2,2,38,14,20012,0,0,91
1,2,1,0,14,20012,0,1,91
1,2,1,3,14,20012,0,1,91
8,2,2,14,14,20011,0,1,62
1,2,1,0,14,20011,0,1,12
8,2,1,0,14,20012,1,1,91
1,2,1,0,14,20011,0,1,62
8,2,2,7,14,20012,0,0,62
8,2,2,0,14,20012,0,1,91
8,2,2,4,14,20011,1,1,62
1,2,1,10,14,20012,0,1,91
8,2,2,58,14,20011,0,0,62
1,3,1,34,14,20011,0,0,62
8,2,2,62,14,20011,0,1,12
8,2,2,36,14,20012,0,1,62
8,3,1,41,14,20011,1,1,62
8,2,2,0,14,20011,1,1,62
1,2,1,2,14,20012,0,1,91
8,1,2,7,14,20011,0,1,62
8,1,2,3,14,20012,0,1,91
8,2,1,36,14,20011,0,1,62
8,2,2,6,14,20012,0,0,62
8,3,1,26,14,20011,1,1,62
8,2,2,20,14,20011,0,0,62
8,2,2,1,14,20012,0,0,62
1,1,2,1,14,20011,0,1,12
1,2,1,4,14,20011,1,1,12
1,2,1,0,14,20011,0,1,58
1,1,2,59,14,20011,0,1,58
1,2,2,0,14,20011,1,1,58
8,2,1,61,14,20011,0,1,58
8,2,2,21,14,20012,0,1,58
8,1,2,0,14,20017,0,1,58
8,2,2,0,14,20011,1,1,78
8,1,2,0,14,20012,1,1,91
8,4,1,12,15,20012,0,1,91
1,6,1,0,14,20017,0,1,79
8,3,1,0,14,20011,0,1,20
8,1,2,4,14,20011,0,1,58
1,2,1,3,14,20011,0,1,78
8,3,2,0,14,20011,1,1,58
1,2,1,1,14,20011,0,1,79
1,3,1,0,14,20011,1,1,79
8,2,2,52,14,20012,0,0,25
8,2,2,1,14,20012,0,1,84
8,2,2,11,14,20012,0,1,84
8,2,2,8,14,20012,0,1,84
8,2,2,0,14,20012,1,1,84
8,2,2,18,14,20012,0,0,84
8,2,2,12,14,20012,0,1,25
8,2,2,1,14,20012,1,1,25
6,3,1,1,1,20910,0,1,86
8,2,2,17,14,20012,0,1,25
8,2,2,8,14,20012,0,1,25
8,2,2,1,14,20012,0,1,84
8,2,2,2,14,20012,1,1,84
1,1,2,12,1,20910,1,1,86
1,2,1,0,14,20015,1,1,22
8,2,1,0,14,20015,0,1,22
8,2,2,18,14,20015,0,1,22
1,2,1,10,14,20015,0,1,22
8,2,2,18,14,20015,0,1,22
1,2,1,1,14,20015,1,1,22
8,2,2,12,14,20015,0,1,22
1,2,1,0,14,20015,0,1,22
1,2,1,2,14,20015,0,0,22
8,2,2,7,14,20015,0,1,22
2,3,2,0,14,20015,1,1,22
1,3,1,38,15,20015,0,0,22
8,2,1,24,14,20015,0,1,22
1,2,1,4,14,20015,1,1,22
1,2,1,2,14,20015,1,1,22
1,2,1,19,14,20015,0,0,22
8,2,2,0,14,20015,1,1,22
8,2,2,16,14,20015,0,1,22
8,2,2,2,14,20020,0,1,4
8,1,2,28,14,20020,0,1,4
8,4,1,0,14,20020,1,1,4
8,2,2,25,14,20020,0,0,4
8,1,2,2,14,20020,0,1,38
1,2,2,25,14,20020,1,1,4
8,2,2,35,14,20020,0,1,4
1,2,2,2,14,20020,0,1,14
1,3,1,5,14,20020,1,1,4
8,2,2,25,14,20020,1,1,4
1,2,2,26,14,20020,1,1,4
1,2,2,46,14,20020,1,1,4
8,2,2,7,14,20020,0,1,4
8,2,2,0,14,20020,0,1,14
8,2,2,19,14,20020,0,1,4
8,2,2,1,14,20020,0,1,4
8,1,2,0,14,20020,0,1,38
1,2,2,19,14,20020,1,1,4
8,1,2,24,14,20020,0,1,4
1,2,2,8,14,20020,1,1,4
8,2,2,49,14,20020,0,0,4
1,1,2,12,14,20020,1,1,4
8,2,2,10,14,20020,0,1,4
8,1,2,24,14,20020,0,1,4
1,2,2,31,14,20020,1,1,4
8,2,2,60,14,20020,1,1,4
8,2,2,57,14,20020,0,1,4
8,1,2,1,14,20020,1,1,50
8,6,1,0,14,20020,1,1,52
1,2,1,7,14,20020,1,1,41
8,1,2,7,14,20020,0,1,50
8,2,2,0,14,20020,0,1,52
8,2,1,31,14,20020,0,1,52
8,1,3,0,14,20020,1,1,50
6,3,1,16,14,20020,0,0,14
1,2,2,1,14,20020,1,1,14
8,2,1,1,14,20020,1,1,14
8,1,2,0,14,20020,0,1,4
8,2,1,28,14,20020,0,1,14
1,2,2,1,14,20020,0,1,14
1,2,2,3,14,20020,1,1,14
8,2,2,10,14,20020,0,0,4
8,3,1,1,14,20020,0,1,38
8,2,2,0,14,20020,0,1,38
8,2,2,48,14,20020,0,1,81
8,2,2,50,14,20020,0,1,81
8,1,3,1,14,20019,1,1,95
8,1,2,58,14,20020,0,1,81
8,3,1,1,14,20020,0,1,38
8,2,2,23,14,20020,0,1,38
11,5,2,0,14,20020,1,1,38
8,2,2,22,15,20020,1,1,38
8,2,2,36,14,20020,0,1,81
8,1,2,0,14,20019,0,1,95
8,2,2,61,14,20020,0,1,81
1,2,2,1,14,20020,1,1,38
1,2,1,7,14,20020,0,1,51
6,2,1,14,14,20020,0,1,81
8,1,2,0,14,20020,0,1,38
8,2,2,67,14,20020,0,1,81
8,3,1,0,14,20020,0,1,33
8,2,1,125,14,20020,0,1,38
8,1,2,0,14,20020,0,1,38
8,2,2,0,14,20020,0,1,38
8,2,2,31,14,20020,0,1,38
8,1,3,13,15,20019,1,1,95
8,2,2,0,14,20020,0,1,38
8,2,2,0,14,20020,0,1,38
8,3,1,2,14,20020,0,1,38
1,2,1,1,14,20002,0,1,72
1,2,1,96,14,20002,0,0,17
8,2,2,35,14,20002,0,1,57
8,4,1,5,14,20002,1,0,17
1,2,1,9,14,20002,0,1,72
1,2,2,0,14,20002,0,1,17
1,2,1,10,14,20002,1,1,72
9,2,2,22,14,20002,1,1,17
8,2,1,2,14,20002,0,1,57
1,2,1,121,14,20002,0,1,17
1,2,1,7,14,20002,0,1,72
1,2,1,22,14,20002,0,0,17
1,3,1,0,14,20002,1,1,17
1,2,1,1,14,20002,1,1,17
8,2,1,2,14,20002,0,1,72
8,2,2,21,14,20002,1,1,17
8,5,1,1,14,20002,0,1,17
1,2,1,12,14,20002,0,1,17
1,2,1,2,14,20002,1,1,72
8,2,1,0,14,20002,0,1,57
8,4,1,21,14,20002,0,1,72
8,4,1,13,14,20002,1,1,72
8,2,1,7,14,20002,0,1,72
11,4,1,0,14,20002,1,1,72
8,3,1,1,14,20002,0,1,72
1,2,1,35,14,20002,0,0,72
8,2,2,47,14,20002,0,1,17
1,2,1,1,14,20002,0,1,57
1,2,1,2,14,20002,1,1,72
8,2,1,0,14,20002,1,0,72
1,2,1,34,14,20002,0,1,17
8,2,1,65,14,20002,0,0,72
1,2,1,12,14,20002,0,1,72
8,3,1,4,14,20002,0,1,72
1,2,1,90,15,20002,1,1,17
8,2,1,3,14,20002,1,1,57
8,2,1,10,14,20002,1,1,17
1,3,1,2,14,20002,0,1,17
1,3,1,195,14,20002,0,1,57
8,2,1,2,14,20002,0,1,17
11,2,1,1,14,20002,1,1,72
8,2,1,7,14,20002,1,1,17
1,2,1,20,14,20002,1,1,17
8,2,2,0,14,20002,1,1,17
1,2,1,76,14,20003,1,1,17
1,2,1,23,14,20002,0,1,72
8,2,1,7,14,20002,0,1,17
8,3,1,0,14,20002,1,1,17
8,2,1,5,14,20002,1,1,17
5,2,1,227,14,20002,1,0,17
8,2,2,18,14,20002,0,1,72
8,5,1,0,14,20002,0,1,17
11,4,1,0,14,20002,1,1,17
1,2,2,10,14,20002,0,1,17
8,2,1,51,14,20002,0,0,72
8,2,2,180,14,20002,0,1,17
8,2,1,1,14,20002,0,1,17
8,3,1,17,14,20002,0,1,57
1,3,1,25,14,20002,0,1,17
1,2,1,2,14,20002,1,1,72
1,2,1,9,14,20002,0,1,72
8,2,2,0,14,20002,1,1,57
1,2,1,310,14,20002,1,0,17
8,6,1,2,14,20002,0,1,17
8,2,1,0,14,20002,0,1,17
1,3,1,3,14,20002,0,1,17
8,2,2,4,14,20002,0,1,72
1,2,1,41,14,20002,0,0,72
8,2,1,0,14,20002,0,1,57
1,2,1,85,14,20002,0,1,17
1,2,2,2,14,20002,1,1,17
6,2,2,2,14,20002,0,1,72
8,2,2,1,14,20002,0,0,72
1,2,1,13,14,20002,0,1,72
8,2,2,29,14,20002,0,0,72
8,4,1,9,14,20002,0,1,17
8,2,2,0,14,20002,0,1,72
8,2,2,1,14,20002,0,0,17
8,2,2,21,14,20002,0,1,72
1,2,2,1,14,20002,1,1,72
1,6,1,0,14,20002,0,0,72
8,2,2,76,14,20002,0,1,72
8,3,2,4,14,20002,0,1,57
8,2,2,28,14,20002,0,1,72
8,2,2,10,14,20002,0,1,17
8,2,2,318,14,20002,1,0,17
8,2,2,74,14,20002,1,0,17
8,2,2,8,14,20002,0,0,17
1,2,2,28,14,20002,0,0,72
8,2,2,61,14,20002,0,1,17
8,2,1,1,14,20002,0,1,17
8,3,1,4,14,20002,0,1,17
1,4,1,0,14,20002,1,1,17
8,3,1,2,15,20002,0,1,72
1,2,1,14,14,20002,0,1,17
8,2,2,0,14,20002,0,1,57
8,3,1,11,14,20002,0,0,17
1,2,2,28,14,20002,0,0,72
8,2,2,28,14,20001,0,1,72
1,2,1,34,14,20002,0,1,72
8,3,1,11,14,20002,1,1,17
8,2,1,26,14,20002,0,0,72
1,3,1,47,14,20002,0,0,72
8,2,2,51,14,20002,0,1,17
8,2,1,0,14,20002,0,1,72
1,2,1,4,14,20002,1,1,72
1,2,1,1,14,20002,0,1,72
8,5,1,0,14,20002,0,1,72
1,3,1,2,14,20002,0,1,17
1,2,1,1,14,20002,1,1,57
1,2,1,8,14,20002,0,1,57
1,2,1,142,14,20002,0,0,17
8,3,1,141,14,20002,1,0,72
8,3,1,0,14,20002,0,1,72
1,2,1,12,14,20002,0,1,72
1,2,1,0,14,20002,0,1,17
8,2,1,3,14,20002,0,1,17
8,3,1,3,14,20002,1,1,72
8,2,2,0,14,20002,0,1,17
1,2,1,43,14,20002,0,1,17
1,2,1,3,14,20002,0,1,17
8,3,1,36,14,20002,0,1,17
1,2,1,28,14,20002,0,1,72
1,2,1,25,14,20002,0,0,72
8,2,2,51,14,20002,0,0,72
8,2,2,1,14,20002,0,1,72
1,2,1,1,14,20002,0,1,72
1,2,1,6,14,20002,0,1,57
1,2,1,1,14,20002,0,1,72
6,2,2,2,14,20002,0,1,57
8,4,1,17,14,20002,0,1,17
8,1,2,8,14,20002,0,1,57
8,1,2,119,14,20002,0,1,17
8,3,1,96,14,20002,0,0,72
8,2,2,12,14,20002,0,1,72
1,2,1,29,14,20002,0,1,72
8,3,1,4,14,20002,0,1,72
1,2,2,22,14,20002,1,1,72
1,2,2,0,14,20002,1,1,72
1,2,1,5,14,20002,1,1,72
2,4,1,0,14,20002,1,1,72
8,2,2,4,14,20002,1,1,57
1,3,1,9,14,20002,0,1,17
1,2,1,2,14,20002,0,1,72
8,2,1,0,14,20002,0,1,57
1,2,1,4,14,20002,0,1,72
1,2,1,45,14,20002,0,0,57
1,3,1,4,14,20002,0,1,72
8,2,2,1,14,20002,0,1,72
1,2,1,1,14,20002,0,1,17
8,2,1,71,14,20002,0,1,57
1,2,1,16,14,20002,0,0,72
8,1,2,1,14,20002,0,1,57
8,1,2,1,14,20002,1,1,57
8,2,1,15,14,20002,0,0,17
1,2,1,37,14,20002,0,0,57
1,2,1,7,14,20002,0,1,17
1,2,3,15,14,20002,0,1,57
8,3,1,7,14,20002,0,1,17
1,2,1,2,14,20002,0,1,72
8,2,2,0,14,20002,1,1,57
1,3,1,10,14,20002,1,1,72
8,3,2,0,14,20002,1,1,72
8,2,1,4,14,20002,0,1,72
1,2,1,5,14,20002,0,1,72
8,2,2,11,14,20002,1,1,72
1,3,1,6,14,20002,0,1,72
1,2,2,41,14,20002,1,1,57
8,2,2,1,14,20002,0,1,72
1,1,1,1,14,20002,0,1,17
1,2,1,14,14,20002,1,1,17
1,2,1,5,14,20002,1,1,17
8,4,1,39,14,20002,0,0,17
1,2,1,1,14,20002,0,1,57
11,2,2,1,14,20002,0,1,57
1,2,2,0,14,20002,0,1,57
8,1,2,11,14,20002,1,1,57
1,2,2,9,14,20002,1,1,57
8,2,2,40,14,20002,0,1,57
8,2,2,48,14,20002,0,1,72
1,3,1,80,14,20002,0,1,17
8,2,2,22,14,20002,0,1,17
8,2,2,1,14,20002,0,1,57
8,4,1,8,14,20002,0,1,72
8,3,1,2,14,20002,0,1,72
1,2,1,58,14,20002,0,1,72
1,2,1,15,14,20002,0,1,72
1,2,1,23,14,20002,0,1,17
1,2,1,19,14,20002,0,1,17
1,2,1,3,14,20002,1,1,72
1,2,2,0,14,20002,0,1,17
8,3,1,4,14,20002,1,1,57
8,2,1,7,14,20002,0,1,17
8,2,2,3,14,20002,0,1,17
1,2,1,5,14,20002,0,1,57
1,2,2,42,14,20002,1,1,57
1,2,1,0,14,20002,1,1,72
1,3,1,1,14,20002,1,1,17
8,2,2,2,14,20002,0,1,72
8,2,2,7,14,20002,0,1,17
11,2,2,2,14,20002,0,1,57
8,2,1,8,14,20002,0,1,57
8,2,2,35,14,20002,0,0,72
1,2,3,1,14,20002,0,1,72
1,2,1,111,14,20002,1,1,17
8,3,1,29,14,20002,0,1,72
8,3,1,3,15,20002,0,1,72
1,2,1,6,14,20002,0,1,17
1,3,1,1,14,20002,0,1,57
1,2,1,8,14,20002,1,1,17
8,2,2,30,14,20002,0,1,72
1,2,1,6,14,20002,0,1,17
8,2,2,8,14,20002,0,1,72
11,2,2,0,14,20002,1,1,17
8,3,1,15,14,20002,1,1,17
1,3,1,20,14,20002,1,0,17
1,3,1,23,14,20002,0,0,17
1,2,1,6,14,20002,0,1,72
8,2,1,1,14,20002,0,1,17
1,2,2,0,14,20002,0,1,72
1,3,1,3,14,20002,0,1,72
1,3,2,0,14,20002,1,1,72
8,2,2,0,14,20002,0,1,57
8,3,1,7,14,20002,0,1,17
8,3,1,70,14,20002,0,1,72
8,2,1,0,14,20002,1,1,57
1,2,1,8,14,20002,0,1,72
8,3,1,2,14,20002,0,1,57
1,2,2,0,14,20002,0,1,72
8,2,1,51,14,20002,0,1,72
8,2,2,1,14,20002,1,1,72
8,3,1,0,14,20002,1,1,17
1,2,1,98,14,20002,0,1,17
8,2,1,6,14,20002,0,1,57
8,2,2,17,14,20002,0,0,72
8,2,2,8,14,20002,0,0,72
1,2,1,15,14,20002,0,0,72
8,3,1,0,14,20002,0,1,17
1,3,2,0,14,20002,1,1,17
1,3,1,10,14,20002,0,1,72
8,1,2,0,14,20002,0,1,72
8,2,1,6,14,20002,0,1,72
1,2,1,8,14,20002,0,1,72
8,4,1,0,14,20002,0,1,17
1,2,1,1,14,20002,0,1,57
1,2,1,23,14,20002,0,0,72
1,3,1,0,14,20002,1,1,72
1,2,3,18,14,20002,0,0,72
1,2,1,75,14,20002,0,1,17
8,2,2,10,14,20002,1,1,72
8,4,1,38,14,20002,0,1,72
1,2,2,18,14,20009,0,0,96
8,2,2,0,14,20009,1,1,2
1,2,2,11,14,20009,0,1,2
1,2,1,1,14,20009,1,1,2
2,2,2,35,14,20009,1,1,55
1,2,1,6,14,20009,0,1,2
1,3,1,21,14,20009,0,1,55
1,2,1,4,15,20009,0,1,2
1,3,1,3,14,20009,1,1,2
1,1,3,8,14,20009,0,1,2
1,2,1,0,14,20009,1,1,2
1,2,1,0,14,20009,0,1,55
1,2,1,3,14,20008,1,1,32
1,2,1,30,14,20009,0,1,2
1,2,1,9,14,20009,1,1,26
1,2,1,2,14,20009,1,1,2
1,2,1,1,14,20009,0,1,2
1,2,1,3,14,20009,0,1,55
1,2,2,0,14,20009,1,1,55
1,2,1,15,14,20009,0,1,55
1,2,1,0,14,20008,0,1,55
1,3,1,1,14,20009,0,1,2
1,2,1,37,14,20009,0,1,2
1,2,2,80,14,20009,1,1,2
1,2,2,19,14,20008,0,1,55
1,2,1,2,14,20009,0,1,55
1,2,1,33,14,20009,0,1,55
1,3,1,35,14,20009,0,0,2
1,2,1,6,14,20009,0,1,2
1,3,1,8,14,20009,0,1,2
1,2,1,10,14,20009,0,1,55
1,2,1,1,14,20009,0,1,2
1,2,1,17,14,20009,0,1,55
8,2,2,248,14,20009,1,1,2
8,3,1,16,14,20008,0,1,55
1,2,1,1,14,20009,1,1,2
1,2,1,0,14,20009,0,1,2
8,2,2,16,14,20009,0,0,96
1,2,1,22,14,20009,0,1,2
1,2,1,0,14,20009,1,1,2
1,2,1,20,14,20008,0,1,32
1,2,1,4,14,20009,1,1,2
9,2,2,1,14,20009,0,1,2
1,2,1,8,14,20009,0,1,2
1,2,1,6,14,20008,1,1,55
1,2,2,0,14,20009,1,1,2
1,2,1,28,14,20009,0,0,55
1,2,1,13,14,20009,0,1,2
1,2,1,14,14,20009,0,1,2
1,2,1,20,14,20009,0,0,55
1,2,1,0,14,20009,0,1,2
1,3,1,1,14,20009,0,1,2
1,2,1,3,14,20009,0,1,55
1,2,2,1,14,20009,1,1,2
1,2,1,1,14,20009,1,1,2
1,2,2,0,14,20009,1,1,2
1,3,1,0,14,20009,0,1,2
1,2,1,0,14,20009,0,1,67
1,2,1,0,14,20009,1,1,2
1,3,1,5,14,20009,1,1,2
1,2,3,4,14,20009,0,0,2
1,2,1,2,14,20009,0,1,2
1,2,2,17,14,20009,0,1,2
1,2,1,6,15,20009,0,1,55
1,3,1,2,14,20009,0,1,55
8,2,2,2,14,20009,1,0,2
1,2,2,69,14,20009,0,1,55
6,3,1,3,14,20009,0,1,2
1,2,1,18,14,20009,0,1,32
1,2,1,68,14,20009,0,1,2
1,2,1,1,14,20009,1,1,2
1,2,1,0,14,20009,0,1,2
1,2,1,37,14,20008,0,1,55
1,3,1,0,14,20009,0,1,2
1,3,1,0,14,20009,0,1,2
1,1,3,1,14,20009,0,1,2
1,2,1,6,14,20009,1,1,55
8,6,1,8,14,20008,0,1,55
8,2,2,5,14,20009,1,1,32
1,3,1,1,14,20009,1,1,2
1,3,1,0,14,20009,1,1,2
1,2,1,118,14,20010,0,0,2
1,2,1,16,14,20009,0,1,2
1,2,1,9,14,20009,1,1,2
1,3,1,5,14,20008,0,1,55
1,2,1,1,14,20009,0,1,2
1,2,1,2,14,20009,1,1,26
1,2,1,108,14,20009,0,1,2
1,2,1,18,14,20009,0,1,67
2,3,2,12,14,20009,0,1,55
1,1,3,1,14,20009,0,1,96
1,2,3,57,14,20009,1,1,2
1,3,1,5,14,20009,1,1,2
1,2,1,0,14,20009,1,1,2
1,2,3,0,14,20009,1,1,55
1,3,1,49,14,20009,0,0,55
1,3,1,0,14,20009,1,1,2
1,3,1,6,14,20009,0,1,2
6,2,1,0,14,20009,1,1,55
1,4,1,11,14,20009,0,1,2
2,3,2,1,14,20009,1,1,55
9,2,1,2,14,20009,0,1,2
1,2,1,1,14,20009,1,1,2
1,3,1,34,14,20009,1,0,2
1,2,2,22,14,20009,0,1,2
1,3,2,0,14,20009,1,1,2
1,2,3,68,14,20009,1,1,55
1,2,2,10,14,20009,0,1,2
1,2,2,11,14,20009,0,0,2
1,2,1,46,14,20009,0,1,2
1,3,1,12,14,20009,1,1,55
1,2,1,3,14,20009,0,1,55
1,2,3,77,14,20009,1,1,55
1,2,1,0,14,20009,1,1,55
1,2,1,0,14,20009,1,1,96
2,2,2,13,14,20009,1,1,55
1,2,2,1,14,20009,0,1,55
1,2,1,1,14,20009,1,1,55
1,2,1,3,14,20009,0,1,2
1,2,1,7,14,20009,0,1,2
1,3,1,4,14,20009,0,1,55
1,2,1,0,14,20009,0,1,2
1,2,2,22,14,20009,0,0,55
1,3,1,2,14,20009,1,1,55
1,3,1,9,14,20009,0,1,2
1,2,1,9,14,20009,0,1,2
1,2,1,6,14,20009,1,1,55
8,3,1,0,14,20009,0,1,2
1,2,1,0,14,20009,1,1,2
1,2,1,21,14,20008,0,1,55
1,2,1,0,14,20009,0,1,2
1,4,1,31,14,20009,1,1,2
6,2,1,8,14,20009,0,1,2
1,3,1,1,14,20009,0,1,2
1,2,3,7,14,20009,1,1,2
1,2,2,20,14,20009,1,1,2
1,2,1,17,14,20009,1,1,2
8,2,2,18,14,20009,1,1,96
1,2,1,11,14,20009,0,1,55
1,3,1,43,14,20009,0,1,2
1,2,1,1,14,20009,0,1,2
1,2,1,7,14,20009,0,1,32
1,2,1,6,14,20009,0,1,55
1,2,1,15,14,20009,0,1,2
1,2,1,1,14,20009,0,1,2
1,2,1,19,14,20009,0,1,2
1,2,1,3,14,20009,0,1,2
1,2,1,4,14,20009,0,1,55
1,2,1,0,15,20009,1,1,2
1,4,1,9,14,20008,0,1,55
1,2,3,1,14,20009,0,1,2
1,1,3,39,14,20009,0,1,2
1,2,3,9,14,20009,0,1,2
1,2,1,0,14,20009,1,1,2
1,2,1,0,14,20008,0,1,55
1,3,1,0,14,20009,1,1,55
1,2,1,29,14,20009,0,1,2
1,2,1,6,14,20009,0,1,55
1,2,1,30,14,20008,0,1,55
1,2,1,5,14,20009,0,1,55
1,2,1,8,14,20009,0,1,2
1,3,1,0,14,20009,0,1,2
1,2,1,3,14,20009,0,1,2
1,2,1,39,14,20009,1,1,2
1,2,2,9,14,20009,0,0,2
1,2,1,12,14,20009,0,1,2
1,2,2,9,14,20009,1,1,2
1,2,1,3,14,20009,1,1,2
1,2,2,14,14,20009,0,1,2
1,2,1,0,14,20009,1,1,2
1,2,2,4,14,20009,1,1,2
1,2,2,0,14,20009,1,1,2
1,3,1,50,14,20009,1,1,32
1,3,1,0,14,20009,0,1,2
2,2,2,5,14,20009,1,1,55
1,2,1,5,14,20009,0,1,2
1,2,1,4,14,20009,0,1,55
6,3,1,1,14,20009,1,1,2
1,2,1,4,14,20009,1,1,55
8,2,1,49,14,20009,0,1,26
1,2,1,0,14,20009,0,1,2
1,3,1,3,14,20009,0,1,2
1,2,1,3,14,20009,1,1,55
1,2,2,0,14,20009,0,1,2
6,2,2,34,14,20009,0,1,2
1,2,3,87,14,20009,0,1,2
1,3,1,22,14,20009,0,0,2
1,2,1,38,14,20009,0,1,2
1,3,1,7,14,20008,0,1,55
1,2,1,1,14,20009,1,1,2
1,3,1,0,14,20009,0,1,2
1,2,1,6,14,20009,0,1,2
1,2,1,0,14,20008,1,1,55
1,3,1,26,14,20009,1,1,2
1,3,1,0,14,20009,0,1,67
1,1,2,0,14,20009,1,1,2
8,2,2,15,14,20009,1,1,96
1,2,1,3,14,20008,0,1,55
1,2,1,154,14,20009,0,1,2
1,2,1,10,14,20009,0,1,2
1,2,2,0,14,20008,1,1,55
1,2,2,0,14,20009,1,1,55
8,3,1,38,14,20008,0,1,55
1,3,1,9,14,20009,0,1,55
1,3,1,0,14,20009,1,1,2
1,2,1,15,14,20009,0,1,2
1,2,1,8,14,20009,0,1,2
8,2,2,8,14,20008,1,1,55
1,3,1,14,14,20009,0,1,55
1,2,1,0,14,20009,0,1,2
1,2,1,8,14,20009,1,1,2
1,2,1,57,14,20008,0,0,55
1,2,1,4,14,20009,0,1,55
1,2,1,35,14,20001,0,1,10
8,2,2,27,14,20001,0,1,10
1,2,2,6,14,20001,0,1,68
8,3,2,0,14,20002,0,1,37
8,2,2,10,14,20002,0,1,37
8,2,2,3,14,20001,1,1,10
1,2,1,0,14,20001,0,1,10
8,2,2,35,14,20001,0,1,10
8,2,2,1,14,20010,0,1,77
8,2,2,8,14,20001,0,1,68
8,1,2,1,14,20001,0,1,10
1,2,1,32,14,20001,0,1,83
8,2,2,2,14,20001,0,1,10
8,2,1,14,14,20002,0,1,36
11,2,1,6,14,20001,0,1,94
1,2,1,44,14,20001,0,1,10
1,1,2,47,14,20002,0,1,36
1,2,1,29,14,20001,0,1,10
1,1,3,2,14,20001,1,1,60
1,1,3,0,14,20001,0,1,10
8,2,2,0,14,20001,1,1,10
11,2,1,6,14,20002,0,1,37
8,2,2,41,14,20002,0,1,36
8,2,2,13,14,20001,0,1,10
8,2,2,5,14,20002,0,1,37
1,2,1,6,14,20001,0,1,10
8,2,1,51,14,20002,1,1,37
8,1,2,1,14,20001,0,1,10
8,2,2,11,14,20001,1,1,10
1,2,1,40,14,20002,0,0,90
6,4,1,0,14,20002,1,1,37
8,4,1,31,14,20001,0,1,10
1,3,1,4,14,20002,0,1,36
8,4,1,0,14,20001,0,1,10
8,2,2,169,14,20002,0,1,36
1,2,1,11,14,20001,0,1,10
8,2,2,1,14,20001,0,1,94
8,3,1,15,14,20001,0,1,94
1,2,1,44,14,20001,1,1,10
1,2,1,59,14,20002,0,0,36
1,2,2,1,14,20002,1,1,36
1,2,1,53,14,20002,0,1,36
1,2,1,7,14,20001,0,1,10
1,3,1,1,14,20001,0,1,10
1,2,1,4,14,20001,0,1,10
1,3,1,0,14,20002,1,1,36
1,3,1,26,14,20001,0,1,94
1,2,2,0,14,20002,0,1,36
1,2,1,10,14,20002,1,1,36
8,2,1,1,14,20001,0,1,94
1,2,1,0,14,20001,0,1,10
1,2,1,1,14,20002,0,1,36
8,2,1,69,14,20002,0,1,10
6,2,3,0,14,20017,1,1,37
1,2,2,6,14,20017,0,1,37
2,2,2,14,14,20001,0,1,10
1,2,1,3,14,20001,1,1,10
8,2,1,7,14,20001,1,1,94
1,3,1,14,14,20001,0,1,10
6,3,1,0,14,20002,0,1,36
8,2,2,114,14,20002,0,1,36
8,2,2,28,14,20001,0,1,94
1,3,1,28,14,20002,0,1,36
10,2,2,45,14,20001,0,1,10
2,2,2,18,14,20001,0,1,10
1,2,2,250,14,20002,1,1,36
1,2,1,0,14,20002,1,1,36
1,2,2,4,14,20002,1,1,36
8,2,2,17,14,20017,0,1,13
8,2,2,0,14,20002,1,1,37
1,2,2,0,14,20002,1,1,37
8,2,2,93,14,20001,1,1,75
1,2,1,68,14,20001,0,1,10
1,2,1,4,14,20002,0,1,37
11,2,2,7,14,20002,0,1,36
1,5,1,0,14,20017,1,1,37
8,2,2,59,14,20001,0,0,10
8,3,1,4,14,20002,0,1,36
8,2,2,4,14,20001,0,1,10
8,2,2,33,14,20001,0,1,94
6,2,2,1,14,20001,0,1,94
1,2,2,61,14,20001,0,1,10
1,2,1,3,14,20002,0,1,90
1,2,1,0,14,20002,1,1,37
8,5,1,0,14,20017,0,1,37
1,2,3,7,14,20002,0,1,37
8,2,2,45,14,20001,0,1,10
8,2,2,51,15,20001,0,0,94
1,3,1,33,14,20002,1,1,36
1,2,1,24,14,20001,0,1,10
8,2,2,2,14,20002,0,1,36
1,2,3,2,14,20002,0,1,37
1,6,1,0,14,20017,0,1,37
1,2,1,13,14,20017,1,1,37
8,2,2,311,14,20002,0,1,36
8,3,1,18,14,20001,0,1,94
8,2,2,42,14,20002,0,1,36
1,2,1,4,14,20002,0,1,37
8,2,1,39,15,20001,0,0,94
6,2,2,1,14,20001,0,1,83
1,2,2,0,14,20002,1,1,36
11,2,1,1,14,20001,0,1,10
1,5,1,0,14,20017,1,1,37
10,5,1,6,14,20002,0,1,36
8,4,1,12,14,20002,0,1,36
8,2,2,2,14,20002,0,1,36
1,2,1,23,14,20002,0,0,37
8,2,1,2,14,20002,1,1,36
1,2,1,1,14,20017,0,1,37
1,2,1,1,14,20002,1,1,37
8,2,2,16,14,20001,0,1,10
8,3,1,0,14,20017,0,1,37
1,2,1,0,14,20001,0,1,94
1,2,1,2,14,20002,0,1,37
1,2,1,61,14,20017,0,0,37
8,2,2,20,14,20002,0,0,36
8,2,1,8,14,20002,0,1,36
8,2,2,0,14,20001,0,1,60
8,2,2,2,14,20002,0,1,36
8,2,2,2,14,20002,0,1,90
8,2,1,1,14,20001,1,1,60
8,2,2,26,14,20002,0,1,36
8,3,2,0,14,20001,0,1,10
1,2,1,1,14,20001,0,1,10
8,2,2,2,14,20001,0,1,94
1,2,1,1,14,20001,0,1,60
1,2,2,52,14,20002,0,1,36
1,2,1,142,14,20002,1,1,36
2,2,2,13,14,20001,0,1,10
1,2,1,24,14,20017,1,1,37
1,5,1,0,14,20017,0,1,37
8,5,1,2,14,20002,0,1,36
8,2,2,5,14,20002,0,0,36
1,2,2,24,14,20002,0,1,36
8,2,2,208,14,20001,0,1,10
8,2,2,26,14,20002,0,0,53
1,2,1,21,14,20001,0,0,10
1,2,1,2,14,20002,1,1,36
8,2,1,16,14,20002,0,1,37
1,3,1,36,14,20001,1,1,94
8,2,2,24,14,20011,0,1,78
8,2,2,28,14,20001,0,1,10
1,2,2,8,14,20002,0,1,36
1,2,1,10,14,20002,1,1,10
8,2,2,3,14,20002,0,1,36
8,5,1,9,15,20001,0,1,10
1,5,1,0,14,20017,0,1,37
1,2,1,9,14,20001,0,1,10
1,3,1,2,14,20001,0,1,10
1,2,1,32,14,20001,0,0,10
8,3,1,0,14,20002,1,1,90
8,4,1,0,14,20002,0,1,36
8,2,2,2,14,20001,1,1,60
11,3,1,14,14,20001,0,1,94
8,2,2,0,14,20002,1,1,36
8,3,1,4,14,20001,0,1,60
8,2,1,25,14,20002,0,1,36
8,2,2,6,14,20002,0,1,36
1,2,1,24,14,20002,0,1,36
1,2,1,12,14,20001,0,1,83
8,1,2,3,14,20001,0,1,10
1,2,1,3,14,20002,0,1,36
8,2,1,4,14,20001,0,1,10
8,1,2,0,14,20002,1,1,36
8,1,2,0,14,20001,0,1,10
8,6,1,0,14,20001,0,1,94
8,2,1,2,14,20002,1,1,37
9,2,2,1,14,20002,1,1,36
1,2,1,30,14,20003,0,1,94
8,3,1,0,14,20001,1,1,10
8,3,1,1,14,20001,0,1,10
1,3,1,50,14,20001,0,1,10
1,5,1,0,14,20002,1,1,90
8,2,2,1,14,20001,0,1,10
1,2,1,0,14,20017,0,1,37
8,2,2,1,14,20002,0,1,36
1,2,1,0,14,20002,0,1,36
1,2,2,43,14,20017,1,1,90
1,2,1,4,14,20002,0,0,90
1,2,1,13,14,20001,0,1,94
8,2,1,88,14,20002,0,1,37
8,2,2,16,14,20017,0,1,37
1,2,1,0,14,20001,0,1,10
8,3,2,2,14,20001,1,1,10
8,2,2,0,14,20002,1,1,36
1,2,1,3,14,20002,0,1,10
1,2,1,11,14,20001,0,0,60
1,2,1,15,14,20001,0,1,10
1,2,1,0,14,20002,0,1,36
2,2,2,10,14,20001,0,1,10
1,2,2,3,14,20001,0,1,94
1,3,1,29,14,20002,0,0,36
1,2,1,1,14,20017,1,1,37
1,2,1,2,14,20001,0,1,10
1,2,1,42,14,20001,0,1,10
1,2,2,17,14,20001,0,1,94
8,4,1,62,14,20001,0,1,94
1,2,2,2,14,20001,0,1,94
8,3,1,10,14,20002,0,0,36
1,3,2,3,14,20001,1,1,60
1,2,2,1,14,20001,0,1,10
8,3,1,0,14,20001,0,1,94
8,2,2,2,14,20002,1,1,10
8,2,2,1,14,20001,0,1,10
8,2,2,1,14,20002,1,1,36
11,2,2,1,14,20002,1,1,10
8,2,1,111,14,20002,0,0,36
8,2,1,7,14,20002,0,0,36
1,2,1,5,14,20017,0,1,37
1,2,2,26,14,20002,0,0,36
8,2,2,3,14,20002,0,1,37
1,2,1,6,14,20017,0,1,37
1,2,1,4,14,20002,0,1,90
1,2,1,0,14,20001,1,1,10
8,2,2,11,14,20001,0,0,10
1,2,2,0,14,20002,1,1,36
8,2,2,1,14,20001,0,1,94
8,2,2,48,14,20001,0,1,10
1,2,1,26,14,20001,0,1,94
8,2,2,1,14,20002,1,1,37
8,2,1,1,14,20001,0,1,10
1,2,1,0,14,20010,1,1,77
8,2,2,171,14,20009,0,0,26
1,3,1,44,14,20009,0,1,26
8,3,1,0,14,20010,0,1,26
8,1,2,10,14,20001,0,1,26
1,2,1,9,14,20010,0,1,67
1,5,1,0,14,20010,1,1,77
8,2,1,2,14,20001,0,1,77
1,2,1,14,14,20009,0,1,26
1,2,1,1,14,20009,1,1,26
1,2,2,0,14,20009,1,1,26
8,2,2,1,14,20010,0,1,77
1,2,1,35,14,20010,0,1,67
8,3,1,10,14,20010,0,1,26
8,4,1,16,14,20009,0,1,96
1,2,1,3,14,20001,0,1,80
1,2,1,1,14,20010,1,1,67
1,3,1,19,14,20009,1,1,26
8,4,1,0,14,20010,1,1,67
1,2,2,3,14,20010,1,1,26
1,2,2,5,14,20009,0,1,26
1,3,1,2,14,20009,1,1,26
1,2,1,68,14,20010,0,0,26
8,2,2,6,14,20001,0,1,77
1,2,1,2,14,20010,0,1,67
1,2,1,2,14,20010,1,1,26
1,2,1,1,14,20009,1,1,26
1,2,1,0,14,20009,0,1,26
10,2,1,22,14,20010,1,1,67
8,2,2,98,14,20010,0,0,77
1,2,1,15,14,20009,0,1,26
8,2,2,3,14,20010,0,1,26
1,1,2,0,14,20010,1,1,77
1,2,1,5,14,20009,0,1,26
1,2,2,5,14,20010,0,1,26
1,2,1,1,14,20010,0,1,26
1,1,3,8,14,20010,0,1,26
1,2,1,8,14,20009,0,1,26
1,2,1,7,14,20010,0,1,67
1,4,1,5,14,20010,1,1,26
1,2,1,2,14,20009,0,1,26
1,3,1,62,14,20009,0,1,26
1,3,1,0,14,20010,0,1,26
8,2,2,53,14,20010,0,1,26
8,1,2,23,14,20001,0,1,80
1,2,1,16,14,20009,0,1,26
1,2,1,34,14,20010,0,1,67
1,2,1,3,14,20010,0,1,77
1,2,1,161,14,20009,0,0,26
1,2,2,8,14,20010,0,1,26
1,3,1,31,14,20010,0,0,26
8,2,2,0,14,20010,1,1,26
1,2,2,6,14,20009,0,1,26
1,2,1,28,14,20009,0,1,26
8,2,1,9,14,20010,0,1,32
1,2,1,1,14,20009,1,1,26
8,2,1,19,14,20010,0,0,26
1,2,1,5,14,20010,0,1,67
1,2,1,0,14,20010,0,1,77
1,2,2,0,14,20010,0,1,77
1,2,2,1,14,20010,0,1,26
8,2,1,0,14,20010,0,1,78
1,2,1,49,14,20001,0,0,80
1,2,2,0,14,20010,1,1,77
8,2,2,22,14,20010,0,1,77
8,2,2,40,14,20010,0,0,67
1,2,2,13,14,20009,0,1,26
1,2,1,13,14,20010,0,1,77
8,2,1,0,14,20010,1,1,77
1,2,1,6,14,20010,0,1,77
8,3,1,0,14,20010,0,1,67
2,5,1,3,14,20001,0,0,80
1,2,1,1,14,20009,0,1,26
8,2,2,92,14,20001,0,1,80
1,3,1,0,14,20009,0,1,26
1,1,2,0,14,20010,0,1,26
1,2,1,6,14,20010,1,1,26
1,3,1,0,14,20010,1,1,26
6,3,1,10,14,20010,0,1,26
1,2,1,0,14,20009,1,1,26
8,2,1,0,14,20010,0,1,77
8,1,3,1,14,20010,1,1,26
8,2,2,12,14,20010,0,1,67
9,2,1,1,14,20010,0,1,77
1,2,1,9,14,20010,1,1,67
1,2,1,13,14,20010,0,1,77
1,6,1,0,14,20009,1,1,2
1,2,1,10,14,20010,0,1,26
1,2,1,2,14,20010,0,1,67
1,2,1,4,14,20009,0,1,26
1,2,1,12,14,20009,0,1,26
1,2,1,11,14,20009,1,1,67
1,2,2,7,14,20009,0,1,26
1,2,2,33,14,20009,1,1,26
1,2,2,13,14,20010,0,1,26
1,2,2,1,14,20009,1,1,26
1,2,1,25,14,20009,0,0,2
1,4,1,1,14,20010,1,1,26
1,2,1,2,14,20009,1,1,26
8,2,2,1,14,20010,1,1,77
1,3,1,12,14,20009,0,1,26
1,2,1,0,14,20010,1,1,26
1,2,1,51,14,20010,0,0,67
1,2,1,64,14,20009,1,1,26
1,3,1,4,14,20009,0,0,26
1,2,2,22,14,20009,0,1,26
1,2,1,15,14,20010,0,1,26
1,2,1,13,15,20010,0,0,26
1,2,1,32,14,20009,0,1,67
8,2,2,8,14,20010,0,1,67
1,2,1,9,14,20010,0,1,26
6,2,1,3,14,20010,0,1,26
1,2,1,0,14,20010,1,1,67
1,2,1,0,14,20010,1,1,26
1,2,1,4,14,20009,0,1,2
1,2,1,45,14,20009,1,1,26
1,2,2,0,14,20009,0,1,26
8,2,2,10,14,20009,0,1,26
8,2,1,14,14,20010,1,1,77
1,2,2,30,14,20010,0,1,26
1,3,1,0,14,20010,1,1,26
8,2,2,6,14,20001,0,1,77
1,1,3,4,14,20010,1,1,67
6,2,1,4,14,20010,0,1,26
1,2,1,15,14,20010,0,1,67
1,2,1,12,14,20010,0,1,67
1,2,1,54,14,20010,0,0,67
8,6,1,32,15,20010,0,1,26
1,3,1,25,15,20001,0,1,26
1,2,1,0,14,20010,1,1,26
6,2,2,0,14,20009,0,1,26
6,2,1,0,14,20010,0,1,26
1,2,1,1,14,20010,1,1,26
1,2,1,1,14,20009,1,1,2
1,2,1,10,14,20010,0,1,26
1,2,1,4,14,20009,0,1,67
1,2,1,3,14,20009,0,1,26
1,2,1,5,14,20010,1,1,67
6,2,2,1,14,20009,0,1,26
1,2,1,2,14,20010,1,1,67
1,2,1,16,15,20010,0,1,67
1,2,1,8,14,20010,1,1,26
8,2,2,2,14,20010,1,1,26
8,2,1,14,14,20010,0,1,77
8,2,2,25,14,20010,0,1,26
6,3,1,0,14,20009,0,1,26
8,1,2,3,14,20010,0,1,26
1,2,1,12,14,20009,0,1,26
1,3,1,0,14,20009,0,1,26
1,2,2,1,14,20009,1,1,26
1,4,1,0,14,20010,1,1,26
1,2,2,2,14,20010,0,1,26
1,1,3,5,14,20009,0,1,2
1,5,1,10,14,20009,0,1,26
8,4,1,16,15,20010,1,1,67
6,2,1,1,14,20009,0,1,26
6,1,2,0,14,20010,0,1,26
1,2,2,4,14,20009,0,1,26
1,3,1,3,14,20010,0,1,67
1,2,1,14,14,20009,1,1,67
8,2,1,0,14,20010,1,1,77
8,2,1,5,14,20001,0,1,77
1,2,1,27,15,20010,0,1,67
8,2,1,4,14,20001,1,1,77
8,2,1,4,14,20001,0,1,80
8,2,2,1,14,20010,0,1,67
8,2,2,4,14,20010,0,1,67
1,2,1,4,14,20010,0,1,1
1,2,1,38,14,20011,0,1,1
1,3,1,9,14,20009,1,1,2
1,2,1,0,14,20009,1,1,26
1,2,1,0,14,20009,0,1,26
1,3,1,39,14,20009,0,1,26
1,2,1,3,14,20010,0,1,67
1,2,1,2,14,20010,0,1,26
8,4,1,0,14,20010,1,1,26
1,2,2,0,14,20009,0,1,26
1,2,2,12,14,20001,0,1,80
1,2,1,0,14,20009,0,1,26
1,2,1,9,14,20010,0,0,26
6,3,1,5,14,20009,0,1,26
1,2,1,6,14,20009,0,1,26
8,2,2,3,14,20001,0,1,77
8,3,1,8,14,20010,0,1,77
1,2,2,8,14,20010,0,1,67
2,3,2,1,14,20001,0,0,80
2,2,2,206,14,20010,0,1,67
8,2,2,2,14,20010,1,1,26
8,2,2,25,14,20001,0,0,77
1,2,1,8,14,20009,1,1,26
1,2,1,15,14,20009,0,1,2
8,2,1,1,14,20010,0,1,77
8,4,1,0,14,20009,0,1,26
1,3,2,1,14,20010,0,1,26
1,4,1,1,14,20009,0,1,26
8,3,1,7,14,20010,1,1,77
1,3,1,48,14,20009,0,1,26
1,2,1,24,14,20010,1,1,77
1,2,1,10,15,20010,0,1,26
1,2,1,2,14,20010,1,1,67
2,2,2,175,14,20010,0,1,67
2,2,2,0,14,20010,0,1,26
1,2,1,20,14,20009,0,1,26
1,2,1,8,14,20010,0,1,26
1,2,2,6,14,20009,0,1,26
8,2,2,0,14,20009,0,1,26
1,2,1,3,14,20009,0,1,2
8,3,1,18,14,20010,0,1,77
1,2,1,2,14,20010,0,1,26
1,2,1,24,14,20010,0,1,67
8,2,2,18,14,20009,0,1,96
1,2,2,4,14,20009,1,1,67
1,2,1,6,14,20010,0,1,26
1,2,1,8,14,20009,1,1,26
1,3,1,1,14,20010,1,1,67
1,2,2,0,14,20009,1,1,2
1,2,1,14,14,20009,0,1,2
8,5,1,8,14,20010,0,1,26
1,2,1,8,14,20010,0,1,67
8,2,2,3,14,20010,0,1,67
1,2,2,35,14,20009,1,1,26
1,2,1,4,14,20009,0,1,26
1,2,2,6,14,20009,0,1,26
8,6,1,0,14,20009,0,1,26
1,3,1,0,14,20010,0,1,67
1,2,1,66,14,20009,0,1,26
8,2,2,4,14,20009,0,1,26
1,2,1,9,15,20009,0,1,2
8,2,1,56,14,20001,0,1,77
1,2,1,6,14,20001,1,1,26
1,2,1,0,14,20010,1,1,67
8,4,1,29,14,20009,0,1,26
1,2,1,2,14,20009,0,1,26
2,2,2,1,14,20010,0,1,26
1,2,1,2,14,20009,1,1,26
1,2,1,11,14,20010,1,1,26
1,2,1,38,14,20010,0,0,26
2,2,2,6,14,20010,0,1,26
1,2,1,84,14,20001,0,1,26
1,2,1,10,14,20010,0,1,77
1,2,1,0,14,20009,1,1,26
1,2,1,23,14,20009,0,0,26
2,2,2,16,14,20001,0,0,80
1,2,1,0,14,20010,1,1,67
1,2,1,138,14,20010,0,1,26
1,2,1,1,14,20009,1,1,96
1,2,1,7,14,20009,0,1,26
6,2,2,0,14,20010,0,1,26
1,2,1,4,14,20009,0,1,2
1,2,1,8,14,20010,0,1,26
1,2,1,5,14,20009,0,1,26
8,2,2,3,14,20010,0,1,26
1,2,1,2,14,20010,0,1,26
8,2,2,0,14,20010,1,1,77
1,2,1,21,14,20010,0,1,67
1,2,2,6,14,20010,0,1,26
1,2,1,14,14,20010,0,0,26
8,2,2,3,14,20010,0,1,26
8,2,2,0,14,20010,1,1,67
1,2,1,52,14,20010,0,1,67
1,3,1,2,14,20010,0,1,77
1,2,1,20,14,20009,1,1,67
1,3,1,0,14,20010,0,1,26
1,2,3,0,14,20009,0,1,26
1,1,2,2,14,20010,0,1,26
1,2,1,2,14,20010,0,1,26
1,2,1,12,14,20009,0,1,26
1,2,1,92,14,20009,1,1,26
1,2,1,1,14,20010,1,1,26
1,3,1,22,14,20009,1,1,26
1,2,1,4,14,20001,0,1,80
1,2,2,14,14,20009,0,1,26
1,2,2,6,14,20009,0,1,26
1,3,1,5,14,20010,0,1,26
8,2,2,96,14,20010,0,0,26
8,4,1,5,14,20010,0,1,67
1,2,2,0,14,20009,1,1,26
1,2,3,46,14,20009,0,1,26
1,2,1,0,14,20010,0,1,26
1,2,1,0,14,20010,0,1,26
1,3,1,0,14,20009,0,1,96
1,3,1,1,14,20009,0,1,26
1,5,1,0,14,20010,0,1,26
1,3,1,8,14,20009,1,1,26
8,1,2,9,14,20010,0,0,77
1,2,2,9,14,20009,0,0,26
8,2,2,4,14,20001,0,1,77
1,2,1,15,14,20010,0,1,26
1,2,1,0,14,20010,0,1,26
1,2,1,11,14,20009,1,1,67
8,2,2,0,14,20010,0,1,67
1,2,1,70,14,20010,0,1,67
1,2,1,19,14,20010,0,1,67
1,3,1,4,14,20009,0,1,26
1,3,1,18,14,20010,0,1,26
8,2,1,18,14,20010,1,0,67
1,2,1,5,14,20009,0,1,26
1,2,1,0,14,20010,0,1,26
1,3,1,35,14,20010,0,1,67
8,3,2,1,14,20010,1,1,26
8,1,2,3,14,20010,0,1,77
1,2,2,2,14,20009,0,1,26
1,2,1,4,14,20009,0,1,26
1,2,1,3,14,20009,1,1,26
1,2,1,12,14,20010,0,1,67
8,1,2,1,14,20010,0,1,26
2,2,2,0,14,20010,0,1,26
1,2,2,1,14,20009,0,1,26
6,2,2,1,14,20010,0,1,26
1,2,2,0,14,20010,1,1,26
8,1,2,1,14,20010,0,1,26
1,2,2,0,14,20009,0,1,26
1,2,1,0,14,20010,1,1,67
1,4,1,0,14,20009,0,1,26
8,2,1,106,14,20010,0,1,26
1,2,1,34,14,20009,0,1,2
1,2,1,2,14,20009,1,1,26
1,2,1,2,14,20010,0,1,26
1,2,1,3,14,20010,1,1,26
1,2,1,0,14,20010,0,1,26
1,2,1,0,14,20010,1,1,26
6,3,1,0,14,20010,0,1,26
8,2,2,11,14,20001,0,1,77
8,2,1,12,14,20010,0,1,77
1,1,3,8,14,20010,1,1,67
8,2,2,0,14,20010,1,1,26
1,2,1,7,14,20010,0,1,67
1,2,2,0,14,20010,0,1,26
1,2,1,10,14,20009,0,1,26
1,4,1,0,14,20010,0,1,26
1,3,1,19,14,20009,0,1,26
1,2,1,3,14,20001,0,1,26
1,2,1,5,14,20001,0,1,26
1,2,1,7,14,20010,0,1,26
1,3,1,4,14,20009,0,1,26
1,2,1,19,14,20009,0,1,96
1,2,1,25,14,20009,1,1,26
1,2,1,4,14,20009,1,1,26
8,2,2,0,14,20010,0,1,26
8,1,2,26,14,20010,0,1,1
8,2,1,31,14,20001,0,1,77
1,1,2,0,14,20010,0,1,26
1,2,1,13,14,20010,0,1,67
8,5,1,2,14,20001,0,1,77
1,2,1,5,14,20009,1,1,26
1,3,1,0,14,20010,0,1,26
1,2,1,13,14,20010,0,1,67
6,2,1,4,14,20010,0,1,26
1,2,2,16,14,20010,0,1,67
1,2,2,5,14,20009,0,1,26
1,2,2,3,14,20010,1,1,26
8,2,2,30,14,20010,0,0,26
6,2,1,0,14,20010,1,1,26
2,2,2,142,14,20010,0,1,67
2,2,2,184,14,20010,0,1,67
8,2,2,7,14,20001,0,1,26
1,2,1,6,14,20010,0,1,26
8,2,1,19,14,20001,0,1,77
1,2,1,3,14,20009,0,1,26
1,2,1,2,14,20010,0,1,26
8,2,1,37,15,20010,0,1,26
8,5,1,0,14,20010,1,1,77
1,3,1,54,14,20009,0,0,26
1,4,1,9,14,20010,0,1,26
8,2,2,46,14,20009,0,1,26
1,2,1,2,14,20010,1,1,67
1,2,2,0,14,20009,0,1,96
1,2,1,5,14,20010,1,1,67
1,2,1,2,14,20010,0,1,26
1,3,1,12,14,20010,0,1,67
1,2,2,55,14,20009,0,0,26
1,2,1,2,14,20009,1,1,26
1,3,1,13,14,20009,1,1,67
1,2,2,7,14,20010,0,1,77
1,2,1,1,14,20010,0,1,26
1,5,1,67,14,20010,0,1,26
1,2,1,1,14,20010,1,1,77
1,2,1,4,14,20009,0,1,26
11,2,2,1,14,20009,0,1,26
1,2,1,15,14,20009,1,1,26
1,2,2,0,14,20010,0,1,26
8,2,1,3,14,20010,0,1,26
6,2,2,4,14,20009,0,1,26
1,2,1,5,14,20009,0,1,26
1,2,2,0,14,20011,0,1,78
2,2,2,0,14,20010,0,1,26
1,2,1,7,14,20009,0,1,26
8,2,2,0,14,20001,1,1,77
1,2,2,30,14,20010,0,1,26
1,4,1,22,14,20010,0,1,26
8,2,2,16,14,20010,0,1,77
1,2,1,0,14,20009,1,1,96
1,2,1,4,14,20009,0,1,26
8,1,2,8,14,20010,0,1,77
8,2,1,19,14,20010,0,1,67
1,2,2,10,14,20009,0,1,26
1,2,2,0,14,20009,1,1,26
2,2,1,1,14,20010,1,1,26
1,2,1,0,14,20010,0,1,26
8,2,2,0,14,20001,1,1,80
1,2,1,77,14,20009,0,1,26
1,2,1,10,14,20010,0,1,26
8,2,2,0,14,20010,0,1,67
1,2,1,0,14,20009,0,1,96
1,2,1,33,14,20010,0,1,26
2,2,2,2,14,20001,0,0,80
8,4,1,23,14,20010,0,0,67
1,2,1,0,14,20009,1,1,26
1,2,2,3,14,20010,1,1,26
1,2,2,3,14,20010,1,1,77
1,5,1,0,14,20009,0,1,26
8,2,2,76,14,20001,0,1,77
1,2,1,1,14,20009,0,1,26
1,2,1,3,14,20009,0,1,26
8,6,1,0,14,20010,1,1,77
8,3,1,2,14,20010,1,1,67
8,2,2,8,14,20010,0,1,77
6,2,1,0,14,20009,1,1,26
8,2,1,1,14,20010,1,1,26
1,2,1,7,14,20010,0,1,67
1,3,1,11,14,20010,0,1,26
1,2,2,122,14,20010,0,1,26
1,2,1,22,14,20009,0,0,26
1,2,1,49,14,20010,1,0,26
1,1,2,3,14,20010,0,1,26
1,2,1,5,14,20017,0,1,13
8,2,1,46,14,20017,0,1,13
8,2,2,0,14,20017,0,1,13
1,2,1,45,14,20018,0,1,59
1,2,1,78,14,20018,0,0,59
1,2,1,20,14,20017,0,1,13
8,6,1,0,14,20018,0,1,13
1,3,1,0,14,20017,1,1,13
8,3,1,6,14,20018,0,1,102
8,2,2,0,14,20017,1,1,13
1,2,1,19,14,20017,0,0,13
1,3,1,0,14,20017,0,1,13
1,2,1,0,14,20017,0,1,13
1,2,1,29,14,20017,0,0,13
8,2,2,18,14,20017,0,1,13
8,5,2,0,14,20018,1,1,13
1,2,1,5,14,20018,0,1,11
2,2,2,5,14,20017,1,1,13
8,2,2,0,14,20018,1,1,13
11,2,2,0,14,20018,0,1,11
8,2,2,25,14,20018,0,1,11
8,2,1,2,14,20018,0,1,13
8,3,2,0,14,20018,1,1,13
1,2,1,0,14,20018,0,1,11
8,2,2,3,14,20018,0,1,11
8,2,1,41,14,20018,0,1,13
8,2,2,7,14,20017,0,1,13
8,1,2,1,14,20018,0,1,11
8,3,1,105,14,20017,0,1,59
11,3,1,1,14,20018,0,1,11
8,2,2,0,14,20018,1,1,13
11,3,1,0,14,20011,1,1,11
8,2,2,0,14,20018,0,1,11
8,2,2,54,14,20018,1,1,13
8,3,1,9,14,20018,0,1,11
8,2,2,18,14,20017,0,1,13
1,2,1,1,14,20018,0,1,11
8,2,1,1,14,20017,0,1,13
8,2,2,23,14,20017,0,1,13
8,3,2,0,14,20018,1,1,13
8,2,2,13,14,20017,0,1,13
8,2,2,19,14,20018,0,1,11
1,2,1,32,14,20018,0,1,11
8,2,1,47,14,20017,0,0,13
2,2,1,12,14,20018,0,1,11
8,3,1,1,14,20017,1,1,13
1,2,1,1,14,20018,0,1,59
8,2,1,54,14,20018,0,0,59
1,2,2,4,14,20017,1,1,13
8,3,1,5,14,20017,0,1,13
8,2,1,6,14,20017,1,1,13
1,3,1,0,14,20017,1,1,13
1,1,1,0,14,20018,0,1,13
1,2,1,2,14,20018,1,1,13
8,6,1,0,14,20017,1,1,13
1,2,2,3,14,20017,1,1,13
8,2,1,0,14,20017,0,1,13
8,3,1,8,14,20017,0,1,13
8,2,1,39,14,20017,0,0,13
8,3,2,0,14,20018,1,1,13
8,2,1,30,14,20018,0,1,13
11,2,2,57,14,20018,0,1,11
8,2,1,67,14,20018,0,1,102
8,2,2,22,14,20018,0,1,102
1,1,2,2,15,20018,0,1,43
8,4,1,1,14,20018,0,1,43
9,2,1,43,14,20018,0,1,43
8,5,1,0,14,20018,1,1,43
8,2,2,3,14,20018,1,1,43
8,2,2,135,14,20018,0,1,102
8,3,1,0,14,20018,1,1,102
8,1,2,1,14,20018,0,1,102
8,2,1,1,14,20018,1,1,102
8,2,1,18,14,20018,0,1,102
1,2,1,46,11,20712,0,0,102
8,2,1,0,14,20018,0,1,102
8,1,2,2,14,20018,0,1,43
1,2,1,0,14,20007,1,1,49
1,2,3,2,14,20007,1,1,49
1,3,1,9,14,20016,0,1,66
1,2,1,2,14,20007,0,1,49
1,2,1,13,14,20007,1,1,49
1,2,1,1,14,20007,1,1,15
1,2,2,1,14,20007,0,1,49
8,6,1,0,14,20007,1,1,49
1,2,1,0,14,20016,0,1,19
1,2,1,82,14,20007,0,1,19
1,2,1,6,14,20016,0,1,19
8,2,2,18,14,20007,0,1,19
8,2,2,129,14,20007,0,0,49
8,1,2,3,14,20007,1,1,19
1,3,1,5,14,20007,0,1,49
8,2,2,1,14,20007,0,1,49
1,2,1,3,14,20016,0,1,24
1,6,2,0,14,20016,1,1,24
1,2,2,3,14,20007,0,1,49
1,2,3,0,14,20016,1,1,98
1,3,1,23,14,20007,0,1,49
1,2,2,3,14,20007,0,1,49
1,2,2,6,14,20007,0,1,49
11,2,2,5,14,20007,0,1,49
8,2,2,2,14,20007,0,1,49
1,2,2,7,14,20016,0,1,19
1,1,2,5,14,20016,1,1,24
1,2,2,1,14,20007,0,1,49
8,2,1,12,14,20007,0,1,49
1,2,2,0,14,20016,1,1,19
1,2,1,0,14,20007,0,1,49
6,2,1,4,14,20007,0,1,49
1,2,1,32,14,20016,0,1,98
1,2,1,237,14,20007,0,1,19
8,5,1,0,14,20007,1,1,49
1,2,1,8,14,20007,0,1,49
8,2,2,8,14,20007,0,1,19
1,2,1,0,14,20007,1,1,49
1,2,1,2,14,20016,0,1,24
8,2,2,43,14,20007,0,1,19
1,2,1,7,14,20016,1,1,19
1,2,1,13,14,20007,0,1,49
1,2,1,0,14,20007,0,1,49
1,2,1,1,14,20007,0,1,49
1,2,1,1,14,20016,0,1,24
1,2,1,7,14,20016,0,1,24
1,2,1,0,14,20007,1,1,49
11,5,1,0,14,20007,0,1,49
1,2,1,2,14,20007,0,1,49
1,2,1,0,14,20007,0,1,49
1,2,1,0,14,20016,0,1,98
8,2,1,2,14,20007,0,1,49
1,2,1,1,14,20016,0,1,24
1,3,1,2,14,20007,1,1,49
1,2,1,2,14,20007,0,1,49
1,2,1,1,14,20008,0,1,24
1,2,1,0,14,20008,0,1,101
11,5,1,28,14,20008,1,0,101
1,2,1,0,14,20008,1,1,24
1,2,2,26,15,20008,0,1,101
1,2,1,118,14,20008,0,1,24
1,2,2,3,14,20008,0,1,101
1,2,2,0,14,20008,0,1,101
8,2,2,9,14,20016,0,1,24
1,3,1,44,14,20008,0,0,101
6,2,1,0,14,20016,1,1,19
1,2,1,1,14,20008,0,1,24
1,2,1,4,14,20008,0,1,24
1,2,1,0,14,20008,1,1,24
8,5,1,0,14,20007,0,1,19
1,2,1,0,14,20016,0,1,19
1,3,1,0,14,20008,1,1,101
1,2,1,38,14,20008,0,1,101
1,2,1,45,14,20008,0,1,24
1,2,1,0,14,20008,0,1,24
8,5,1,6,14,20008,0,1,24
6,2,1,0,14,20016,0,1,24
1,2,1,8,14,20008,0,1,24
6,2,1,1,14,20008,1,1,24
1,2,2,0,14,20008,1,1,101
1,2,2,7,14,20008,0,1,101
1,2,1,24,14,20008,0,1,24
1,2,1,1,14,20008,0,1,101
1,2,1,0,14,20008,0,1,24
1,1,2,2,14,20008,0,1,24
8,2,2,26,14,20008,0,0,101
1,2,1,0,14,20016,0,1,24
1,2,1,2,14,20008,0,1,24
1,3,1,0,14,20008,0,1,101
1,2,1,66,14,20008,0,1,101
1,2,2,2,15,20008,1,1,24
1,2,2,0,14,20008,1,1,101
1,2,2,0,14,20008,0,1,101
1,2,1,0,15,20008,1,1,24
1,2,1,0,14,20008,0,1,101
1,2,1,0,14,20008,1,1,101
1,2,1,2,14,20008,0,1,101
1,2,1,0,14,20008,1,1,101
2,3,2,12,14,20008,1,0,101
1,2,1,4,14,20008,0,1,24
1,3,1,13,14,20008,1,1,101
1,2,1,8,14,20008,0,1,101
1,2,1,1,14,20008,1,1,101
1,2,1,4,14,20008,1,1,24
6,2,1,8,14,20016,0,1,19
1,2,1,7,14,20008,0,1,24
1,3,1,1,14,20008,0,1,101
11,2,2,1,14,20007,0,1,3
1,2,1,16,14,20008,1,1,24
1,2,2,33,14,20008,1,1,24
1,2,1,4,14,20008,0,1,101
1,2,2,0,14,20003,0,1,5
8,3,1,15,14,20003,0,1,17
8,4,1,14,14,20003,0,1,17
8,5,1,20,14,20003,0,1,17
1,2,1,2,14,20003,0,1,17
1,3,1,4,14,20002,0,1,17
8,2,2,0,14,20003,0,1,17
8,3,1,31,14,20003,1,1,17
1,2,2,88,14,20003,1,1,17
8,2,2,17,14,20003,0,0,17
2,3,2,0,14,20003,0,1,17
8,4,1,17,14,20003,0,1,5
8,2,2,95,14,20003,1,1,5
8,3,1,1,14,20003,0,1,5
1,3,1,2,14,20003,0,1,17
1,3,1,14,14,20002,0,1,17
11,3,1,0,14,20003,1,1,17
8,2,2,7,14,20003,0,1,17
1,2,1,44,14,20003,0,1,17
8,2,2,17,14,20003,0,1,17
1,2,1,5,14,20003,0,1,17
1,2,1,4,14,20003,1,1,17
8,2,2,1,14,20003,0,1,17
11,2,1,7,14,20003,1,1,17
1,2,1,44,14,20003,1,0,17
1,2,2,44,14,20002,1,0,17
8,5,1,19,14,20003,0,0,17
1,2,1,56,14,20002,0,1,57
1,2,1,36,14,20003,0,0,5
1,2,1,4,14,20002,0,1,17
1,3,1,33,14,20003,0,1,17
1,2,1,28,14,20003,0,0,17
8,3,1,5,14,20003,0,1,17
8,2,2,122,14,20003,1,1,17
8,3,1,14,14,20003,0,0,17
1,2,1,15,14,20003,0,1,5
1,2,1,63,14,20003,0,0,17
8,4,1,22,14,20003,0,1,5
1,2,1,0,14,20003,0,0,17
1,2,1,5,14,20003,0,1,17
1,2,1,28,14,20003,1,1,17
1,4,1,16,14,20003,0,1,17
1,2,2,6,14,20002,0,1,57
2,3,2,0,14,20002,0,1,17
8,3,1,4,14,20003,1,1,17
8,2,2,5,14,20003,1,1,17
8,4,1,9,14,20002,0,1,17
1,2,1,29,14,20003,1,1,5
8,5,1,7,14,20002,1,1,17
8,2,1,22,14,20003,1,1,17
8,2,2,50,14,20003,0,1,17
1,2,2,8,14,20003,0,1,17
1,2,2,12,14,20003,0,0,17
8,3,1,3,14,20003,1,1,17
1,3,1,0,14,20003,0,1,17
2,3,2,1,14,20003,0,1,17
2,3,2,6,14,20003,0,1,17
8,3,1,0,14,20003,1,1,17
1,2,2,0,14,20003,1,1,5
1,2,1,123,14,20003,0,1,17
1,1,2,1,14,20003,1,1,17
1,3,1,28,14,20003,0,1,17
8,4,1,1,15,20003,1,1,5
1,3,1,0,14,20003,0,1,17
1,2,1,3,14,20003,1,1,17
1,3,1,10,15,20002,1,0,17
1,2,1,7,14,20003,1,1,17
1,3,1,2,14,20003,0,1,17
8,2,2,1,14,20003,1,1,5
8,2,2,18,14,20003,0,0,17
8,4,1,5,14,20003,0,1,17
1,2,1,3,14,20002,0,1,17
1,3,1,42,14,20003,1,1,17
8,4,1,30,14,20003,0,0,5
8,2,1,99,14,20003,1,1,17
1,2,1,26,14,20003,0,0,17
1,2,2,16,14,20003,0,1,5
8,4,1,0,14,20002,0,1,17
1,2,1,9,14,20003,0,1,17
1,3,1,16,14,20003,1,0,17
8,2,1,3,14,20003,0,1,5
8,3,1,26,14,20003,1,0,17
1,3,1,198,14,20003,0,1,17
1,3,1,7,14,20003,0,0,17
1,2,1,1,14,20002,1,1,17
1,2,1,0,14,20003,1,1,17
1,2,1,49,14,20003,0,0,17
8,3,1,68,14,20003,0,0,5
1,2,1,48,14,20003,0,1,17
8,2,1,100,14,20003,0,0,5
8,2,1,1,14,20003,0,1,5
1,2,1,8,14,20003,0,1,17
8,4,1,1,14,20003,1,1,17
8,2,1,48,14,20003,0,0,57
1,3,1,0,14,20003,0,1,17
8,3,1,2,14,20003,1,1,17
8,3,2,3,14,20003,1,1,17
8,5,1,0,14,20003,0,1,5
8,2,2,56,14,20002,0,1,17
8,2,1,24,14,20003,0,1,17
1,3,1,2,14,20003,1,1,17
1,2,1,1,14,20003,0,1,17
8,3,2,0,14,20003,0,1,17
1,2,1,0,14,20002,1,1,17
8,2,1,0,14,20003,0,1,17
8,4,1,0,14,20003,1,1,17
8,2,2,0,14,20003,0,1,17
8,3,1,5,14,20002,0,1,17
1,2,1,25,14,20003,0,0,17
8,3,1,0,14,20003,1,1,5
1,2,1,61,14,20003,1,1,57
1,3,1,37,14,20003,0,1,17
1,2,1,9,14,20003,0,1,5
1,2,1,23,14,20003,0,1,5
1,3,1,6,14,20003,0,0,17
1,2,1,5,14,20003,1,1,17
8,4,1,2,14,20003,0,1,17
8,2,1,11,14,20003,0,1,17
8,2,1,11,14,20003,0,1,17
8,3,1,0,14,20003,0,0,17
1,2,1,89,14,20003,0,1,17
8,2,2,3,14,20003,0,0,17
8,3,1,1,14,20003,1,1,17
8,2,2,3,14,20002,0,1,17
1,3,1,2,14,20003,0,1,17
1,2,1,49,14,20003,0,0,17
1,2,1,35,14,20003,0,0,17
8,2,2,2,14,20003,1,1,17
1,1,2,0,14,20003,0,1,5
1,2,1,5,14,20003,0,1,17
1,2,1,1,14,20003,1,1,17
1,2,1,1,14,20003,0,1,17
8,2,2,104,14,20003,0,1,17
1,2,1,26,14,20003,0,0,17
1,2,1,9,14,20003,0,1,5
1,3,1,0,14,20003,1,1,17
1,2,1,32,14,20003,0,0,17
1,2,1,35,14,20003,0,0,17
8,3,1,0,14,20002,0,1,17
8,3,1,4,14,20003,0,1,5
8,3,1,36,14,20003,1,1,17
8,4,1,0,14,20003,1,1,17
1,4,1,36,14,20003,0,0,17
1,3,1,3,14,20003,1,1,17
1,2,1,46,14,20003,0,1,17
1,2,1,1,14,20003,0,1,17
8,4,1,8,14,20003,0,1,17
1,2,1,13,14,20002,0,1,17
8,2,2,0,14,20003,0,1,17
8,2,2,5,14,20003,0,1,17
8,2,1,23,14,20003,1,1,17
1,2,1,8,14,20002,0,1,17
8,4,1,101,14,20003,1,0,17
11,3,1,0,14,20003,1,1,5
1,2,1,11,14,20003,0,1,17
1,2,1,1,14,20003,0,1,5
1,3,1,11,14,20003,1,1,17
1,2,1,41,14,20003,1,1,17
1,3,1,1,14,20003,0,1,17
1,3,1,0,14,20003,1,1,17
1,2,1,64,14,20002,0,1,17
8,2,1,2,14,20003,1,1,17
1,3,1,0,14,20003,1,1,17
6,2,2,0,14,20003,0,1,5
8,2,2,1,14,20002,1,1,17
8,5,1,0,14,20003,0,1,5
8,2,1,1,14,20003,0,1,5
1,2,1,56,15,20003,0,1,5
8,2,1,76,14,20003,0,1,5
9,3,1,25,14,20003,0,0,17
8,2,2,1,14,20003,0,1,17
1,2,1,2,14,20003,1,1,17
8,4,1,1,14,20003,1,1,17
8,3,1,5,14,20002,0,1,17
1,2,1,0,14,20002,0,1,17
1,3,1,1,14,20003,0,1,17
8,6,1,0,14,20003,0,1,17
8,2,2,2,14,20003,0,1,17
1,3,1,0,14,20003,0,1,17
8,4,1,16,14,20003,0,1,17
1,2,1,12,14,20003,0,1,5
8,3,2,9,14,20003,0,1,17
8,2,3,3,14,20002,1,1,17
1,2,1,4,14,20003,0,1,17
8,2,2,51,14,20003,1,1,17
8,2,2,166,14,20002,0,1,57
1,1,2,1,14,20003,1,1,17
1,2,1,3,14,20003,0,1,17
1,3,1,99,14,20003,0,1,17
8,4,2,0,14,20003,1,1,17
1,2,1,8,14,20003,0,1,17
1,2,1,21,14,20003,0,1,17
1,2,1,47,14,20003,0,0,17
1,3,1,1,14,20003,0,1,17
1,2,1,0,14,20003,1,1,17
8,2,1,25,14,20002,0,0,57
1,2,2,37,14,20002,0,1,17
8,2,2,32,14,20003,0,0,17
1,2,1,0,14,20002,0,1,17
1,3,1,32,14,20003,0,0,17
1,2,1,16,14,20003,0,1,17
1,2,1,4,14,20003,0,1,17
1,3,1,47,14,20003,0,0,17
1,2,1,1,14,20002,0,1,17
6,3,1,2,15,20003,0,1,17
1,2,1,46,14,20003,0,1,17
1,2,1,45,14,20002,0,1,17
8,3,1,23,14,20003,0,1,17
1,2,1,24,14,20003,0,0,17
1,2,2,0,14,20003,0,1,5
8,3,1,13,14,20003,0,0,17
8,2,1,12,14,20003,0,0,17
8,3,1,3,14,20003,0,1,17
8,6,1,16,14,20003,0,1,17
8,2,2,18,14,20003,0,0,5
8,2,2,14,14,20003,0,1,5
1,3,1,53,14,20003,0,1,17
8,3,1,1,14,20003,0,0,17
1,2,1,4,14,20003,0,0,17
8,3,1,40,14,20003,0,0,17
8,2,2,59,15,20003,0,0,17
8,3,1,96,14,20003,0,0,17
1,3,1,6,14,20003,0,1,17
8,1,2,6,14,20002,0,1,99
8,2,2,49,14,20003,1,1,17
8,2,2,46,14,20003,0,1,17
8,2,1,7,14,20003,0,1,17
8,2,2,167,14,20003,0,0,5
8,2,2,0,14,20002,1,1,17
8,3,1,2,14,20002,0,1,17
1,2,2,1,14,20003,1,1,5
8,2,2,85,14,20003,0,1,17
1,2,1,76,6,20003,1,0,17
1,2,1,3,14,20003,0,1,17
8,2,2,36,14,20003,0,1,5
8,2,1,3,14,20003,1,1,17
1,2,1,2,14,20003,0,1,5
1,3,1,1,14,20002,1,1,17
1,3,1,5,14,20002,0,1,17
1,2,1,8,14,20003,0,1,17
8,4,1,7,14,20003,0,1,17
8,2,2,0,14,20002,1,1,17
8,4,1,0,14,20003,1,1,17
11,2,2,0,14,20003,1,1,17
11,3,1,14,14,20003,1,1,17
1,3,1,0,14,20003,0,1,17
1,3,1,106,14,20002,0,1,17
1,2,1,1,14,20003,0,1,17
8,2,2,1,14,20003,0,1,17
1,2,1,24,14,20003,1,0,17
1,2,2,3,14,20003,1,1,17
8,2,2,0,14,20003,0,1,17
6,2,1,3,14,20002,1,1,17
1,2,1,0,14,20003,0,1,17
8,2,2,177,14,20003,0,1,17
1,2,1,0,14,20003,1,1,5
1,3,1,102,14,20003,1,0,17
8,3,1,7,14,20003,0,1,17
8,3,1,11,14,20003,0,1,5
1,2,1,0,14,20002,1,1,17
8,3,1,4,14,20003,0,1,5
1,5,1,15,14,20003,0,1,17
1,4,1,7,14,20003,0,1,17
1,2,1,51,14,20003,0,1,5
1,3,1,100,14,20003,0,1,17
1,2,1,17,14,20003,0,1,17
1,2,1,14,14,20002,0,1,17
8,2,2,5,14,20003,0,1,17
1,2,1,199,14,20003,0,0,17
8,2,2,115,14,20003,1,1,17
1,3,1,0,14,20002,1,1,17
8,2,1,8,14,20003,0,1,17
1,2,1,8,14,20003,0,1,5
8,2,2,3,14,20003,1,1,17
1,2,1,1,14,20002,1,1,17
8,4,1,8,14,20003,0,0,17
1,2,1,19,14,20003,0,1,17
8,2,2,36,14,20003,1,1,17
1,4,1,12,14,20003,1,1,17
1,3,1,48,14,20002,0,1,17
1,2,1,1,14,20003,0,1,17
